Red,Green,Blue,RedRatio,GreenRatio,BlueRatio,Class
22,43,38,0.214,0.417,0.369,1
23,44,38,0.219,0.419,0.362,1
23,45,37,0.219,0.429,0.352,1
21,41,32,0.223,0.436,0.340,1
18,36,27,0.222,0.444,0.333,1
19,38,28,0.224,0.447,0.329,1
21,41,30,0.228,0.446,0.326,1
19,37,27,0.229,0.446,0.325,1
19,38,28,0.224,0.447,0.329,1
19,38,28,0.224,0.447,0.329,1
21,43,32,0.219,0.448,0.333,1
23,46,34,0.223,0.447,0.330,1
23,47,35,0.219,0.448,0.333,1
22,43,32,0.227,0.443,0.330,1
20,41,30,0.220,0.451,0.330,1
19,38,28,0.224,0.447,0.329,1
18,36,26,0.225,0.450,0.325,1
19,37,27,0.229,0.446,0.325,1
20,40,29,0.225,0.449,0.326,1
20,39,28,0.230,0.448,0.322,1
20,41,30,0.220,0.451,0.330,1
21,41,30,0.228,0.446,0.326,1
22,44,32,0.224,0.449,0.327,1
22,45,32,0.222,0.455,0.323,1
23,45,33,0.228,0.446,0.327,1
23,45,33,0.228,0.446,0.327,1
23,46,34,0.223,0.447,0.330,1
23,46,34,0.223,0.447,0.330,1
22,45,33,0.220,0.450,0.330,1
21,43,32,0.219,0.448,0.333,1
20,41,31,0.217,0.446,0.337,1
19,38,29,0.221,0.442,0.337,1
17,35,27,0.215,0.443,0.342,1
16,33,26,0.213,0.440,0.347,1
16,31,25,0.222,0.431,0.347,1
15,29,23,0.224,0.433,0.343,1
14,28,22,0.219,0.437,0.344,1
14,27,22,0.222,0.429,0.349,1
14,26,21,0.230,0.426,0.344,1
14,26,21,0.230,0.426,0.344,1
14,27,22,0.222,0.429,0.349,1
14,28,23,0.215,0.431,0.354,1
15,29,24,0.221,0.426,0.353,1
16,31,25,0.222,0.431,0.347,1
16,33,26,0.213,0.440,0.347,1
17,34,27,0.218,0.436,0.346,1
18,36,28,0.220,0.439,0.341,1
19,38,31,0.216,0.432,0.352,1
20,41,32,0.215,0.441,0.344,1
21,43,34,0.214,0.439,0.347,1
21,44,35,0.210,0.440,0.350,1
22,44,35,0.218,0.436,0.347,1
22,45,35,0.216,0.441,0.343,1
22,45,35,0.216,0.441,0.343,1
23,48,37,0.213,0.444,0.343,1
25,51,39,0.217,0.443,0.339,1
27,55,42,0.218,0.444,0.339,1
30,60,45,0.222,0.444,0.333,1
32,61,47,0.229,0.436,0.336,1
32,63,49,0.222,0.437,0.340,1
32,63,50,0.221,0.434,0.345,1
32,61,49,0.225,0.430,0.345,1
30,60,48,0.217,0.435,0.348,1
29,58,48,0.215,0.430,0.356,1
29,57,48,0.216,0.425,0.358,1
28,56,48,0.212,0.424,0.364,1
28,55,48,0.214,0.420,0.366,1
27,53,48,0.211,0.414,0.375,1
26,51,47,0.210,0.411,0.379,1
25,49,47,0.207,0.405,0.388,1
24,48,46,0.203,0.407,0.390,1
23,45,44,0.205,0.402,0.393,1
22,42,42,0.208,0.396,0.396,1
20,39,39,0.204,0.398,0.398,1
19,36,37,0.207,0.391,0.402,1
18,34,35,0.207,0.391,0.402,1
17,32,33,0.207,0.390,0.402,1
17,32,32,0.210,0.395,0.395,1
16,31,31,0.205,0.397,0.397,1
16,30,30,0.211,0.395,0.395,1
15,28,28,0.211,0.394,0.394,1
14,25,24,0.222,0.397,0.381,1
13,22,21,0.232,0.393,0.375,1
12,21,20,0.226,0.396,0.377,1
12,20,20,0.231,0.385,0.385,1
13,22,22,0.228,0.386,0.386,1
14,26,26,0.212,0.394,0.394,1
15,29,30,0.203,0.392,0.405,1
18,36,37,0.198,0.396,0.407,1
21,41,43,0.200,0.390,0.410,1
24,46,48,0.203,0.390,0.407,1
25,49,50,0.202,0.395,0.403,1
25,49,50,0.202,0.395,0.403,1
26,51,52,0.202,0.395,0.403,1
26,51,52,0.202,0.395,0.403,1
25,48,49,0.205,0.393,0.402,1
25,49,50,0.202,0.395,0.403,1
26,51,53,0.200,0.392,0.408,1
28,54,56,0.203,0.391,0.406,1
30,58,61,0.201,0.389,0.409,1
30,58,59,0.204,0.395,0.401,1
28,55,56,0.201,0.396,0.403,1
27,50,51,0.211,0.391,0.398,1
24,46,45,0.209,0.400,0.391,1
25,46,46,0.214,0.393,0.393,1
25,46,46,0.214,0.393,0.393,1
27,49,50,0.214,0.389,0.397,1
28,52,54,0.209,0.388,0.403,1
29,54,55,0.210,0.391,0.399,1
30,54,56,0.214,0.386,0.400,1
30,53,54,0.219,0.387,0.394,1
29,52,52,0.218,0.391,0.391,1
29,51,50,0.223,0.392,0.385,1
28,50,49,0.220,0.394,0.386,1
29,51,50,0.223,0.392,0.385,1
30,51,51,0.227,0.386,0.386,1
31,54,55,0.221,0.386,0.393,1
33,56,57,0.226,0.384,0.390,1
32,56,56,0.222,0.389,0.389,1
33,57,58,0.223,0.385,0.392,1
34,58,60,0.224,0.382,0.395,1
35,59,61,0.226,0.381,0.394,1
35,59,59,0.229,0.386,0.386,1
32,56,56,0.222,0.389,0.389,1
30,52,52,0.224,0.388,0.388,1
28,47,46,0.231,0.388,0.380,1
26,43,41,0.236,0.391,0.373,1
24,39,38,0.238,0.386,0.376,1
23,38,36,0.237,0.392,0.371,1
23,38,36,0.237,0.392,0.371,1
23,39,36,0.235,0.398,0.367,1
24,39,36,0.242,0.394,0.364,1
24,38,35,0.247,0.392,0.361,1
20,34,31,0.235,0.400,0.365,1
18,36,34,0.205,0.409,0.386,1
21,43,42,0.198,0.406,0.396,1
28,54,53,0.207,0.400,0.393,1
33,62,61,0.212,0.397,0.391,1
39,68,70,0.220,0.384,0.395,1
45,76,78,0.226,0.382,0.392,1
48,79,81,0.231,0.380,0.389,1
50,81,83,0.234,0.379,0.388,1
51,82,83,0.236,0.380,0.384,1
50,81,80,0.237,0.384,0.379,1
49,80,77,0.238,0.388,0.374,1
45,76,72,0.233,0.394,0.373,1
41,72,66,0.229,0.402,0.369,1
37,68,59,0.226,0.415,0.360,1
33,63,53,0.221,0.423,0.356,1
30,60,49,0.216,0.432,0.353,1
27,55,44,0.214,0.437,0.349,1
26,54,42,0.213,0.443,0.344,1
25,52,40,0.214,0.444,0.342,1
25,51,39,0.217,0.443,0.339,1
25,51,39,0.217,0.443,0.339,1
25,51,39,0.217,0.443,0.339,1
25,51,39,0.217,0.443,0.339,1
24,49,38,0.216,0.441,0.342,1
22,46,35,0.214,0.447,0.340,1
20,42,32,0.213,0.447,0.340,1
18,38,28,0.214,0.452,0.333,1
16,34,24,0.216,0.459,0.324,1
14,30,21,0.215,0.462,0.323,1
15,32,22,0.217,0.464,0.319,1
17,35,24,0.224,0.461,0.316,1
16,34,24,0.216,0.459,0.324,1
14,29,21,0.219,0.453,0.328,1
10,20,15,0.222,0.444,0.333,1
7,14,10,0.226,0.452,0.323,1
5,9,6,0.250,0.450,0.300,1
5,10,7,0.227,0.455,0.318,1
5,10,7,0.227,0.455,0.318,1
8,16,11,0.229,0.457,0.314,1
9,17,12,0.237,0.447,0.316,1
9,16,11,0.250,0.444,0.306,1
9,17,12,0.237,0.447,0.316,1
9,15,10,0.265,0.441,0.294,1
8,14,9,0.258,0.452,0.290,1
8,14,9,0.258,0.452,0.290,1
8,14,9,0.258,0.452,0.290,1
9,15,10,0.265,0.441,0.294,1
10,17,11,0.263,0.447,0.289,1
11,19,13,0.256,0.442,0.302,1
11,20,14,0.244,0.444,0.311,1
13,25,17,0.236,0.455,0.309,1
15,28,20,0.238,0.444,0.317,1
17,32,24,0.233,0.438,0.329,1
20,37,28,0.235,0.435,0.329,1
23,42,32,0.237,0.433,0.330,1
25,48,36,0.229,0.440,0.330,1
27,52,41,0.225,0.433,0.342,1
28,52,42,0.230,0.426,0.344,1
28,52,44,0.226,0.419,0.355,1
27,51,45,0.220,0.415,0.366,1
26,50,46,0.213,0.410,0.377,1
26,49,46,0.215,0.405,0.380,1
25,49,47,0.207,0.405,0.388,1
24,47,48,0.202,0.395,0.403,1
23,46,48,0.197,0.393,0.410,1
23,45,49,0.197,0.385,0.419,1
23,45,50,0.195,0.381,0.424,1
24,44,51,0.202,0.370,0.429,1
26,46,54,0.206,0.365,0.429,1
28,49,57,0.209,0.366,0.425,1
29,50,58,0.212,0.365,0.423,1
28,49,56,0.211,0.368,0.421,1
25,46,53,0.202,0.371,0.427,1
20,37,43,0.200,0.370,0.430,1
16,29,34,0.203,0.367,0.430,1
13,23,26,0.210,0.371,0.419,1
11,20,22,0.208,0.377,0.415,1
10,17,19,0.217,0.370,0.413,1
9,16,17,0.214,0.381,0.405,1
9,14,16,0.231,0.359,0.410,1
8,13,14,0.229,0.371,0.400,1
8,13,13,0.235,0.382,0.382,1
10,15,15,0.250,0.375,0.375,1
11,17,17,0.244,0.378,0.378,1
12,19,19,0.240,0.380,0.380,1
13,20,21,0.241,0.370,0.389,1
14,22,23,0.237,0.373,0.390,1
15,23,24,0.242,0.371,0.387,1
15,24,25,0.234,0.375,0.391,1
16,25,27,0.235,0.368,0.397,1
17,26,28,0.239,0.366,0.394,1
17,28,30,0.227,0.373,0.400,1
18,29,32,0.228,0.367,0.405,1
20,32,35,0.230,0.368,0.402,1
21,34,38,0.226,0.366,0.409,1
22,37,41,0.220,0.370,0.410,1
24,40,45,0.220,0.367,0.413,1
25,43,48,0.216,0.371,0.414,1
26,46,51,0.211,0.374,0.415,1
27,47,53,0.213,0.370,0.417,1
26,46,53,0.208,0.368,0.424,1
26,44,51,0.215,0.364,0.421,1
24,41,47,0.214,0.366,0.420,1
21,36,42,0.212,0.364,0.424,1
18,32,37,0.207,0.368,0.425,1
16,28,33,0.208,0.364,0.429,1
16,28,33,0.208,0.364,0.429,1
17,29,34,0.213,0.363,0.425,1
17,29,34,0.213,0.363,0.425,1
16,29,33,0.205,0.372,0.423,1
14,25,29,0.206,0.368,0.426,1
12,22,25,0.203,0.373,0.424,1
10,18,20,0.208,0.375,0.417,1
9,15,17,0.220,0.366,0.415,1
8,14,16,0.211,0.368,0.421,1
8,13,15,0.222,0.361,0.417,1
8,13,14,0.229,0.371,0.400,1
8,14,15,0.216,0.378,0.405,1
8,14,15,0.216,0.378,0.405,1
8,14,14,0.222,0.389,0.389,1
9,14,15,0.237,0.368,0.395,1
9,15,15,0.231,0.385,0.385,1
10,16,17,0.233,0.372,0.395,1
12,20,20,0.231,0.385,0.385,1
15,25,27,0.224,0.373,0.403,1
19,32,34,0.224,0.376,0.400,1
21,36,39,0.219,0.375,0.406,1
22,38,41,0.218,0.376,0.406,1
23,40,43,0.217,0.377,0.406,1
23,40,43,0.217,0.377,0.406,1
22,38,40,0.220,0.380,0.400,1
21,38,40,0.212,0.384,0.404,1
22,39,41,0.216,0.382,0.402,1
23,40,42,0.219,0.381,0.400,1
23,40,42,0.219,0.381,0.400,1
23,39,42,0.221,0.375,0.404,1
23,39,42,0.221,0.375,0.404,1
23,39,41,0.223,0.379,0.398,1
23,38,39,0.230,0.380,0.390,1
21,35,37,0.226,0.376,0.398,1
19,31,33,0.229,0.373,0.398,1
17,28,30,0.227,0.373,0.400,1
33,52,55,0.236,0.371,0.393,1
34,54,58,0.233,0.370,0.397,1
34,54,59,0.231,0.367,0.401,1
33,53,59,0.228,0.366,0.407,1
32,51,57,0.229,0.364,0.407,1
32,49,56,0.234,0.358,0.409,1
31,46,53,0.238,0.354,0.408,1
32,43,51,0.254,0.341,0.405,1
33,39,47,0.277,0.328,0.395,1
34,38,46,0.288,0.322,0.390,1
35,38,46,0.294,0.319,0.387,1
37,38,46,0.306,0.314,0.380,1
38,38,45,0.314,0.314,0.372,1
39,39,46,0.315,0.315,0.371,1
40,39,48,0.315,0.307,0.378,1
40,39,48,0.315,0.307,0.378,1
39,39,47,0.312,0.312,0.376,1
38,39,48,0.304,0.312,0.384,1
37,40,48,0.296,0.320,0.384,1
35,40,48,0.285,0.325,0.390,1
33,40,47,0.275,0.333,0.392,1
30,39,46,0.261,0.339,0.400,1
28,38,45,0.252,0.342,0.405,1
26,38,44,0.241,0.352,0.407,1
24,38,44,0.226,0.358,0.415,1
23,38,43,0.221,0.365,0.413,1
22,38,43,0.214,0.369,0.417,1
21,36,41,0.214,0.367,0.418,1
21,35,40,0.219,0.365,0.417,1
20,35,40,0.211,0.368,0.421,1
20,35,40,0.211,0.368,0.421,1
21,36,41,0.214,0.367,0.418,1
21,37,41,0.212,0.374,0.414,1
22,37,42,0.218,0.366,0.416,1
23,37,42,0.225,0.363,0.412,1
23,37,42,0.225,0.363,0.412,1
24,35,41,0.240,0.350,0.410,1
25,34,40,0.253,0.343,0.404,1
26,34,39,0.263,0.343,0.394,1
27,35,40,0.265,0.343,0.392,1
29,36,42,0.271,0.336,0.393,1
31,37,44,0.277,0.330,0.393,1
31,38,45,0.272,0.333,0.395,1
29,38,44,0.261,0.342,0.396,1
26,39,43,0.241,0.361,0.398,1
24,39,42,0.229,0.371,0.400,1
22,38,41,0.218,0.376,0.406,1
20,36,39,0.211,0.379,0.411,1
19,34,36,0.213,0.382,0.404,1
17,31,33,0.210,0.383,0.407,1
15,28,29,0.208,0.389,0.403,1
14,25,26,0.215,0.385,0.400,1
13,23,23,0.220,0.390,0.390,1
11,19,19,0.224,0.388,0.388,1
11,20,20,0.216,0.392,0.392,1
12,20,20,0.231,0.385,0.385,1
13,19,19,0.255,0.373,0.373,1
12,18,18,0.250,0.375,0.375,1
12,19,19,0.240,0.380,0.380,1
13,20,20,0.245,0.377,0.377,1
14,22,22,0.241,0.379,0.379,1
15,24,24,0.238,0.381,0.381,1
16,26,26,0.235,0.382,0.382,1
17,30,31,0.218,0.385,0.397,1
19,36,37,0.207,0.391,0.402,1
23,45,48,0.198,0.388,0.414,1
27,53,58,0.196,0.384,0.420,1
32,60,66,0.203,0.380,0.418,1
37,68,74,0.207,0.380,0.413,1
38,71,77,0.204,0.382,0.414,1
39,72,79,0.205,0.379,0.416,1
37,68,74,0.207,0.380,0.413,1
37,68,74,0.207,0.380,0.413,1
36,65,71,0.209,0.378,0.413,1
36,64,70,0.212,0.376,0.412,1
35,62,69,0.211,0.373,0.416,1
36,64,71,0.211,0.374,0.415,1
40,71,78,0.212,0.376,0.413,1
45,78,84,0.217,0.377,0.406,1
46,81,86,0.216,0.380,0.404,1
46,79,83,0.221,0.380,0.399,1
43,73,77,0.223,0.378,0.399,1
38,66,68,0.221,0.384,0.395,1
33,58,59,0.220,0.387,0.393,1
28,50,48,0.222,0.397,0.381,1
23,42,40,0.219,0.400,0.381,1
20,36,33,0.225,0.404,0.371,1
17,31,28,0.224,0.408,0.368,1
15,28,24,0.224,0.418,0.358,1
14,24,21,0.237,0.407,0.356,1
12,21,18,0.235,0.412,0.353,1
11,19,16,0.239,0.413,0.348,1
10,18,14,0.238,0.429,0.333,1
10,17,13,0.250,0.425,0.325,1
10,17,13,0.250,0.425,0.325,1
9,16,12,0.243,0.432,0.324,1
7,13,9,0.241,0.448,0.310,1
9,18,13,0.225,0.450,0.325,1
11,23,16,0.220,0.460,0.320,1
13,28,20,0.213,0.459,0.328,1
15,32,22,0.217,0.464,0.319,1
16,33,23,0.222,0.458,0.319,1
17,36,25,0.218,0.462,0.321,1
20,42,30,0.217,0.457,0.326,1
22,46,32,0.220,0.460,0.320,1
23,49,34,0.217,0.462,0.321,1
23,50,35,0.213,0.463,0.324,1
24,52,36,0.214,0.464,0.321,1
26,55,39,0.217,0.458,0.325,1
28,59,41,0.219,0.461,0.320,1
29,60,42,0.221,0.458,0.321,1
29,60,42,0.221,0.458,0.321,1
28,60,42,0.215,0.462,0.323,1
28,60,42,0.215,0.462,0.323,1
29,61,44,0.216,0.455,0.328,1
32,65,48,0.221,0.448,0.331,1
34,69,51,0.221,0.448,0.331,1
35,71,53,0.220,0.447,0.333,1
35,71,53,0.220,0.447,0.333,1
33,69,51,0.216,0.451,0.333,1
33,67,50,0.220,0.447,0.333,1
32,65,49,0.219,0.445,0.336,1
33,65,50,0.223,0.439,0.338,1
33,64,50,0.224,0.435,0.340,1
33,63,49,0.228,0.434,0.338,1
32,61,48,0.227,0.433,0.340,1
30,60,47,0.219,0.438,0.343,1
28,56,44,0.219,0.437,0.344,1
25,50,40,0.217,0.435,0.348,1
21,43,34,0.214,0.439,0.347,1
17,37,28,0.207,0.451,0.341,1
17,36,27,0.213,0.450,0.338,1
19,41,31,0.209,0.451,0.341,1
19,42,31,0.207,0.457,0.337,1
20,43,33,0.208,0.448,0.344,1
22,46,36,0.212,0.442,0.346,1
25,49,39,0.221,0.434,0.345,1
26,50,40,0.224,0.431,0.345,1
25,48,37,0.227,0.436,0.336,1
29,55,42,0.230,0.437,0.333,1
31,60,47,0.225,0.435,0.341,1
27,56,43,0.214,0.444,0.341,1
27,55,41,0.220,0.447,0.333,1
28,57,42,0.220,0.449,0.331,1
30,61,44,0.222,0.452,0.326,1
30,62,46,0.217,0.449,0.333,1
30,59,45,0.224,0.440,0.336,1
27,54,41,0.221,0.443,0.336,1
23,46,36,0.219,0.438,0.343,1
18,37,30,0.212,0.435,0.353,1
14,29,24,0.209,0.433,0.358,1
13,25,20,0.224,0.431,0.345,1
13,24,19,0.232,0.429,0.339,1
13,25,20,0.224,0.431,0.345,1
13,26,20,0.220,0.441,0.339,1
14,28,21,0.222,0.444,0.333,1
14,29,21,0.219,0.453,0.328,1
13,28,20,0.213,0.459,0.328,1
11,24,17,0.212,0.462,0.327,1
10,20,15,0.222,0.444,0.333,1
9,18,13,0.225,0.450,0.325,1
8,15,11,0.235,0.441,0.324,1
7,14,10,0.226,0.452,0.323,1
7,15,11,0.212,0.455,0.333,1
8,17,12,0.216,0.459,0.324,1
9,18,14,0.220,0.439,0.341,1
9,20,15,0.205,0.455,0.341,1
10,21,15,0.217,0.457,0.326,1
10,21,15,0.217,0.457,0.326,1
9,19,14,0.214,0.452,0.333,1
9,18,13,0.225,0.450,0.325,1
9,18,13,0.225,0.450,0.325,1
9,17,12,0.237,0.447,0.316,1
9,17,12,0.237,0.447,0.316,1
9,18,13,0.225,0.450,0.325,1
10,20,14,0.227,0.455,0.318,1
11,21,15,0.234,0.447,0.319,1
11,22,16,0.224,0.449,0.327,1
11,23,16,0.220,0.460,0.320,1
12,23,16,0.235,0.451,0.314,1
12,23,17,0.231,0.442,0.327,1
12,24,17,0.226,0.453,0.321,1
13,25,18,0.232,0.446,0.321,1
13,26,18,0.228,0.456,0.316,1
14,28,20,0.226,0.452,0.323,1
14,28,20,0.226,0.452,0.323,1
14,29,20,0.222,0.460,0.317,1
14,29,21,0.219,0.453,0.328,1
15,30,21,0.227,0.455,0.318,1
15,31,22,0.221,0.456,0.324,1
16,33,24,0.219,0.452,0.329,1
17,35,25,0.221,0.455,0.325,1
18,36,25,0.228,0.456,0.316,1
18,37,26,0.222,0.457,0.321,1
19,39,27,0.224,0.459,0.318,1
19,38,27,0.226,0.452,0.321,1
20,38,27,0.235,0.447,0.318,1
21,39,28,0.239,0.443,0.318,1
20,38,27,0.235,0.447,0.318,1
19,36,26,0.235,0.444,0.321,1
18,33,24,0.240,0.440,0.320,1
17,31,22,0.243,0.443,0.314,1
16,28,20,0.250,0.437,0.312,1
16,27,20,0.254,0.429,0.317,1
15,26,19,0.250,0.433,0.317,1
15,24,18,0.263,0.421,0.316,1
14,24,18,0.250,0.429,0.321,1
14,23,17,0.259,0.426,0.315,1
13,21,16,0.260,0.420,0.320,1
12,20,15,0.255,0.426,0.319,1
12,20,14,0.261,0.435,0.304,1
11,19,14,0.250,0.432,0.318,1
11,18,13,0.262,0.429,0.310,1
11,18,13,0.262,0.429,0.310,1
11,18,13,0.262,0.429,0.310,1
11,19,14,0.250,0.432,0.318,1
12,21,16,0.245,0.429,0.327,1
13,23,18,0.241,0.426,0.333,1
14,25,20,0.237,0.424,0.339,1
15,27,22,0.234,0.422,0.344,1
16,29,25,0.229,0.414,0.357,1
17,31,27,0.227,0.413,0.360,1
19,34,29,0.232,0.415,0.354,1
20,37,33,0.222,0.411,0.367,1
23,41,38,0.225,0.402,0.373,1
26,46,44,0.224,0.397,0.379,1
30,53,51,0.224,0.396,0.381,1
35,60,59,0.227,0.390,0.383,1
39,65,66,0.229,0.382,0.388,1
41,69,70,0.228,0.383,0.389,1
42,70,72,0.228,0.380,0.391,1
39,66,68,0.225,0.382,0.393,1
33,58,60,0.219,0.384,0.397,1
28,49,53,0.215,0.377,0.408,1
25,44,48,0.214,0.376,0.410,1
22,40,43,0.210,0.381,0.410,1
21,36,39,0.219,0.375,0.406,1
20,33,35,0.227,0.375,0.398,1
20,32,34,0.233,0.372,0.395,1
22,34,36,0.239,0.370,0.391,1
23,35,37,0.242,0.368,0.389,1
26,39,43,0.241,0.361,0.398,1
29,44,48,0.240,0.364,0.397,1
32,48,53,0.241,0.361,0.398,1
37,56,62,0.239,0.361,0.400,1
40,61,67,0.238,0.363,0.399,1
42,67,76,0.227,0.362,0.411,1
43,70,80,0.223,0.363,0.415,1
43,71,81,0.221,0.364,0.415,1
42,70,81,0.218,0.363,0.420,1
40,69,79,0.213,0.367,0.420,1
39,67,77,0.213,0.366,0.421,1
39,67,77,0.213,0.366,0.421,1
37,64,73,0.213,0.368,0.420,1
34,60,68,0.210,0.370,0.420,1
30,53,59,0.211,0.373,0.415,1
27,47,52,0.214,0.373,0.413,1
24,41,43,0.222,0.380,0.398,1
22,37,39,0.224,0.378,0.398,1
20,35,36,0.220,0.385,0.396,1
20,33,34,0.230,0.379,0.391,1
19,32,33,0.226,0.381,0.393,1
18,29,32,0.228,0.367,0.405,1
18,29,34,0.222,0.358,0.420,1
20,32,38,0.222,0.356,0.422,1
24,39,47,0.218,0.355,0.427,1
28,46,53,0.220,0.362,0.417,1
30,51,58,0.216,0.367,0.417,1
31,53,59,0.217,0.371,0.413,1
29,49,56,0.216,0.366,0.418,1
25,44,51,0.208,0.367,0.425,1
22,38,44,0.212,0.365,0.423,1
20,35,40,0.211,0.368,0.421,1
17,30,33,0.213,0.375,0.412,1
15,25,28,0.221,0.368,0.412,1
13,21,24,0.224,0.362,0.414,1
13,20,22,0.236,0.364,0.400,1
13,20,22,0.236,0.364,0.400,1
14,21,24,0.237,0.356,0.407,1
16,23,26,0.246,0.354,0.400,1
17,24,27,0.250,0.353,0.397,1
18,25,28,0.254,0.352,0.394,1
18,25,29,0.250,0.347,0.403,1
19,26,30,0.253,0.347,0.400,1
20,27,31,0.256,0.346,0.397,1
20,27,32,0.253,0.342,0.405,1
21,28,33,0.256,0.341,0.402,1
21,28,33,0.256,0.341,0.402,1
18,26,30,0.243,0.351,0.405,1
15,24,27,0.227,0.364,0.409,1
14,23,26,0.222,0.365,0.413,1
13,22,25,0.217,0.367,0.417,1
14,24,28,0.212,0.364,0.424,1
14,26,32,0.194,0.361,0.444,1
13,24,30,0.194,0.358,0.448,1
11,21,27,0.186,0.356,0.458,1
10,18,22,0.200,0.360,0.440,1
9,15,17,0.220,0.366,0.415,1
8,13,15,0.222,0.361,0.417,1
8,12,13,0.242,0.364,0.394,1
7,11,12,0.233,0.367,0.400,1
7,11,12,0.233,0.367,0.400,1
7,11,12,0.233,0.367,0.400,1
8,11,12,0.258,0.355,0.387,1
8,12,12,0.250,0.375,0.375,1
8,12,12,0.250,0.375,0.375,1
8,12,12,0.250,0.375,0.375,1
9,13,12,0.265,0.382,0.353,1
10,14,13,0.270,0.378,0.351,1
11,17,15,0.256,0.395,0.349,1
13,21,17,0.255,0.412,0.333,1
15,25,20,0.250,0.417,0.333,1
17,30,23,0.243,0.429,0.329,1
20,36,28,0.238,0.429,0.333,1
23,41,34,0.235,0.418,0.347,1
26,46,39,0.234,0.414,0.351,1
27,48,42,0.231,0.410,0.359,1
27,47,41,0.235,0.409,0.357,1
27,46,40,0.239,0.407,0.354,1
26,44,37,0.243,0.411,0.346,1
24,41,34,0.242,0.414,0.343,1
21,36,29,0.244,0.419,0.337,1
19,32,25,0.250,0.421,0.329,1
17,29,23,0.246,0.420,0.333,1
16,27,22,0.246,0.415,0.338,1
16,27,22,0.246,0.415,0.338,1
15,26,22,0.238,0.413,0.349,1
16,27,22,0.246,0.415,0.338,1
17,28,23,0.250,0.412,0.338,1
17,28,24,0.246,0.406,0.348,1
17,28,23,0.250,0.412,0.338,1
16,27,23,0.242,0.409,0.348,1
16,26,23,0.246,0.400,0.354,1
15,25,22,0.242,0.403,0.355,1
15,24,21,0.250,0.400,0.350,1
14,23,21,0.241,0.397,0.362,1
14,23,22,0.237,0.390,0.373,1
15,23,24,0.242,0.371,0.387,1
16,25,27,0.235,0.368,0.397,1
17,27,30,0.230,0.365,0.405,1
19,30,33,0.232,0.366,0.402,1
20,33,37,0.222,0.367,0.411,1
22,36,40,0.224,0.367,0.408,1
24,38,43,0.229,0.362,0.410,1
24,40,46,0.218,0.364,0.418,1
25,42,48,0.217,0.365,0.417,1
27,47,53,0.213,0.370,0.417,1
28,51,58,0.204,0.372,0.423,1
26,48,54,0.203,0.375,0.422,1
23,42,48,0.204,0.372,0.425,1
21,38,44,0.204,0.369,0.427,1
23,42,48,0.204,0.372,0.425,1
24,43,51,0.203,0.364,0.432,1
28,49,56,0.211,0.368,0.421,1
30,51,57,0.217,0.370,0.413,1
30,50,55,0.222,0.370,0.407,1
29,45,49,0.236,0.366,0.398,1
27,38,42,0.252,0.355,0.393,1
26,32,35,0.280,0.344,0.376,1
26,28,30,0.310,0.333,0.357,1
29,27,33,0.326,0.303,0.371,1
33,33,40,0.311,0.311,0.377,1
35,38,44,0.299,0.325,0.376,1
31,38,44,0.274,0.336,0.389,1
25,35,40,0.250,0.350,0.400,1
21,33,36,0.233,0.367,0.400,1
20,32,35,0.230,0.368,0.402,1
19,32,34,0.224,0.376,0.400,1
20,32,35,0.230,0.368,0.402,1
21,32,36,0.236,0.360,0.404,1
22,35,39,0.229,0.365,0.406,1
24,37,42,0.233,0.359,0.408,1
25,39,44,0.231,0.361,0.407,1
27,43,48,0.229,0.364,0.407,1
29,45,50,0.234,0.363,0.403,1
30,47,53,0.231,0.362,0.408,1
32,50,56,0.232,0.362,0.406,1
34,53,60,0.231,0.361,0.408,1
36,57,63,0.231,0.365,0.404,1
38,60,67,0.230,0.364,0.406,1
41,66,73,0.228,0.367,0.406,1
44,71,78,0.228,0.368,0.404,1
45,74,82,0.224,0.368,0.408,1
46,76,84,0.223,0.369,0.408,1
45,75,83,0.222,0.369,0.409,1
45,75,83,0.222,0.369,0.409,1
44,75,83,0.218,0.371,0.411,1
43,74,82,0.216,0.372,0.412,1
43,72,80,0.221,0.369,0.410,1
41,69,76,0.220,0.371,0.409,1
40,67,74,0.221,0.370,0.409,1
39,65,71,0.223,0.371,0.406,1
38,63,69,0.224,0.371,0.406,1
37,62,67,0.223,0.373,0.404,1
35,60,65,0.219,0.375,0.406,1
35,60,64,0.220,0.377,0.403,1
34,59,64,0.217,0.376,0.408,1
33,58,63,0.214,0.377,0.409,1
32,57,62,0.212,0.377,0.411,1
31,55,60,0.212,0.377,0.411,1
31,54,59,0.215,0.375,0.410,1
30,53,57,0.214,0.379,0.407,1
29,51,57,0.212,0.372,0.416,1
28,50,55,0.211,0.376,0.414,1
27,49,54,0.208,0.377,0.415,1
26,47,51,0.210,0.379,0.411,1
25,43,48,0.216,0.371,0.414,1
23,40,44,0.215,0.374,0.411,1
21,36,39,0.219,0.375,0.406,1
18,31,34,0.217,0.373,0.410,1
16,26,28,0.229,0.371,0.400,1
13,21,22,0.232,0.375,0.393,1
11,18,19,0.229,0.375,0.396,1
9,15,15,0.231,0.385,0.385,1
8,12,12,0.250,0.375,0.375,1
7,11,11,0.241,0.379,0.379,1
6,10,10,0.231,0.385,0.385,1
7,10,10,0.259,0.370,0.370,1
7,10,11,0.250,0.357,0.393,1
7,12,13,0.219,0.375,0.406,1
8,14,15,0.216,0.378,0.405,1
9,16,16,0.220,0.390,0.390,1
10,16,17,0.233,0.372,0.395,1
10,17,17,0.227,0.386,0.386,1
11,17,18,0.239,0.370,0.391,1
11,17,18,0.239,0.370,0.391,1
11,17,18,0.239,0.370,0.391,1
11,17,18,0.239,0.370,0.391,1
11,17,18,0.239,0.370,0.391,1
10,17,18,0.222,0.378,0.400,1
11,17,19,0.234,0.362,0.404,1
11,18,20,0.224,0.367,0.408,1
11,19,21,0.216,0.373,0.412,1
12,21,22,0.218,0.382,0.400,1
12,22,24,0.207,0.379,0.414,1
12,22,25,0.203,0.373,0.424,1
12,23,25,0.200,0.383,0.417,1
13,25,28,0.197,0.379,0.424,1
14,28,30,0.194,0.389,0.417,1
15,29,31,0.200,0.387,0.413,1
15,30,33,0.192,0.385,0.423,1
16,31,33,0.200,0.387,0.412,1
16,30,33,0.203,0.380,0.418,1
15,28,30,0.205,0.384,0.411,1
14,26,28,0.206,0.382,0.412,1
13,23,24,0.217,0.383,0.400,1
12,20,20,0.231,0.385,0.385,1
11,18,18,0.234,0.383,0.383,1
10,15,15,0.250,0.375,0.375,1
9,13,12,0.265,0.382,0.353,1
8,11,11,0.267,0.367,0.367,1
7,8,8,0.304,0.348,0.348,1
6,8,8,0.273,0.364,0.364,1
6,7,7,0.300,0.350,0.350,1
6,8,8,0.273,0.364,0.364,1
6,9,9,0.250,0.375,0.375,1
7,10,10,0.259,0.370,0.370,1
7,10,9,0.269,0.385,0.346,1
6,9,9,0.250,0.375,0.375,1
6,9,8,0.261,0.391,0.348,1
6,9,8,0.261,0.391,0.348,1
6,9,8,0.261,0.391,0.348,1
6,9,8,0.261,0.391,0.348,1
6,9,8,0.261,0.391,0.348,1
6,9,9,0.250,0.375,0.375,1
7,10,9,0.269,0.385,0.346,1
6,9,9,0.250,0.375,0.375,1
6,9,9,0.250,0.375,0.375,1
6,9,9,0.250,0.375,0.375,1
6,10,10,0.231,0.385,0.385,1
7,12,11,0.233,0.400,0.367,1
7,13,12,0.219,0.406,0.375,1
7,13,12,0.219,0.406,0.375,1
7,13,12,0.219,0.406,0.375,1
7,12,11,0.233,0.400,0.367,1
6,12,11,0.207,0.414,0.379,1
6,12,11,0.207,0.414,0.379,1
7,13,12,0.219,0.406,0.375,1
8,15,14,0.216,0.405,0.378,1
10,18,17,0.222,0.400,0.378,1
11,22,20,0.208,0.415,0.377,1
12,25,23,0.200,0.417,0.383,1
14,28,26,0.206,0.412,0.382,1
14,29,27,0.200,0.414,0.386,1
15,30,28,0.205,0.411,0.384,1
15,29,27,0.211,0.408,0.380,1
14,27,25,0.212,0.409,0.379,1
14,26,25,0.215,0.400,0.385,1
15,27,26,0.221,0.397,0.382,1
15,27,26,0.221,0.397,0.382,1
14,25,24,0.222,0.397,0.381,1
12,22,21,0.218,0.400,0.382,1
9,15,14,0.237,0.395,0.368,1
7,12,11,0.233,0.400,0.367,1
7,13,12,0.219,0.406,0.375,1
9,15,14,0.237,0.395,0.368,1
11,20,19,0.220,0.400,0.380,1
11,20,19,0.220,0.400,0.380,1
12,20,19,0.235,0.392,0.373,1
11,20,19,0.220,0.400,0.380,1
11,19,19,0.224,0.388,0.388,1
12,21,21,0.222,0.389,0.389,1
13,23,23,0.220,0.390,0.390,1
16,30,31,0.208,0.390,0.403,1
19,36,38,0.204,0.387,0.409,1
22,41,44,0.206,0.383,0.411,1
22,41,44,0.206,0.383,0.411,1
19,36,38,0.204,0.387,0.409,1
15,29,30,0.203,0.392,0.405,1
16,31,32,0.203,0.392,0.405,1
16,31,32,0.203,0.392,0.405,1
19,38,39,0.198,0.396,0.406,1
24,47,50,0.198,0.388,0.413,1
28,55,59,0.197,0.387,0.415,1
31,59,62,0.204,0.388,0.408,1
35,64,68,0.210,0.383,0.407,1
37,67,72,0.210,0.381,0.409,1
38,69,74,0.210,0.381,0.409,1
35,64,71,0.206,0.376,0.418,1
31,57,64,0.204,0.375,0.421,1
27,51,56,0.201,0.381,0.418,1
26,48,54,0.203,0.375,0.422,1
27,48,54,0.209,0.372,0.419,1
27,48,54,0.209,0.372,0.419,1
25,45,51,0.207,0.372,0.421,1
22,38,43,0.214,0.369,0.417,1
18,31,35,0.214,0.369,0.417,1
13,24,27,0.203,0.375,0.422,1
11,20,23,0.204,0.370,0.426,1
9,16,18,0.209,0.372,0.419,1
9,16,18,0.209,0.372,0.419,1
12,22,24,0.207,0.379,0.414,1
15,28,32,0.200,0.373,0.427,1
26,48,54,0.203,0.375,0.422,1
32,60,66,0.203,0.380,0.418,1
36,66,74,0.205,0.375,0.420,1
39,71,80,0.205,0.374,0.421,1
40,75,85,0.200,0.375,0.425,1
42,75,86,0.207,0.369,0.424,1
40,69,79,0.213,0.367,0.420,1
35,60,68,0.215,0.368,0.417,1
30,50,57,0.219,0.365,0.416,1
25,41,47,0.221,0.363,0.416,1
19,31,36,0.221,0.360,0.419,1
14,23,27,0.219,0.359,0.422,1
11,18,20,0.224,0.367,0.408,1
8,14,16,0.211,0.368,0.421,1
7,11,12,0.233,0.367,0.400,1
5,9,9,0.217,0.391,0.391,1
5,8,7,0.250,0.400,0.350,1
4,7,6,0.235,0.412,0.353,1
4,6,5,0.267,0.400,0.333,1
4,7,5,0.250,0.437,0.312,1
4,7,5,0.250,0.437,0.312,1
5,8,6,0.263,0.421,0.316,1
5,9,7,0.238,0.429,0.333,1
6,11,8,0.240,0.440,0.320,1
7,13,9,0.241,0.448,0.310,1
7,14,10,0.226,0.452,0.323,1
8,15,11,0.235,0.441,0.324,1
8,15,11,0.235,0.441,0.324,1
8,15,11,0.235,0.441,0.324,1
8,15,10,0.242,0.455,0.303,1
8,14,10,0.250,0.437,0.312,1
7,14,10,0.226,0.452,0.323,1
7,13,9,0.241,0.448,0.310,1
8,15,11,0.235,0.441,0.324,1
9,19,14,0.214,0.452,0.333,1
11,24,19,0.204,0.444,0.352,1
14,29,22,0.215,0.446,0.338,1
15,32,24,0.211,0.451,0.338,1
19,38,29,0.221,0.442,0.337,1
23,45,33,0.228,0.446,0.327,1
26,52,37,0.226,0.452,0.322,1
26,51,36,0.230,0.451,0.319,1
24,47,33,0.231,0.452,0.317,1
21,42,29,0.228,0.457,0.315,1
19,38,26,0.229,0.458,0.313,1
18,36,25,0.228,0.456,0.316,1
18,35,25,0.231,0.449,0.321,1
19,36,26,0.235,0.444,0.321,1
20,37,27,0.238,0.440,0.321,1
20,38,27,0.235,0.447,0.318,1
20,37,27,0.238,0.440,0.321,1
20,37,26,0.241,0.446,0.313,1
19,36,25,0.237,0.450,0.312,1
20,40,29,0.225,0.449,0.326,1
24,50,35,0.220,0.459,0.321,1
29,60,42,0.221,0.458,0.321,1
31,64,46,0.220,0.454,0.326,1
31,65,46,0.218,0.458,0.324,1
31,65,47,0.217,0.455,0.329,1
30,63,45,0.217,0.457,0.326,1
30,62,45,0.219,0.453,0.328,1
29,61,44,0.216,0.455,0.328,1
28,60,43,0.214,0.458,0.328,1
26,55,39,0.217,0.458,0.325,1
23,48,34,0.219,0.457,0.324,1
20,41,29,0.222,0.456,0.322,1
16,33,24,0.219,0.452,0.329,1
13,27,20,0.217,0.450,0.333,1
12,23,17,0.231,0.442,0.327,1
11,19,14,0.250,0.432,0.318,1
9,16,12,0.243,0.432,0.324,1
8,14,10,0.250,0.437,0.312,1
9,15,12,0.250,0.417,0.333,1
9,16,12,0.243,0.432,0.324,1
11,20,15,0.239,0.435,0.326,1
14,26,19,0.237,0.441,0.322,1
17,30,22,0.246,0.435,0.319,1
18,33,24,0.240,0.440,0.320,1
19,33,25,0.247,0.429,0.325,1
20,34,25,0.253,0.430,0.316,1
21,36,27,0.250,0.429,0.321,1
23,41,31,0.242,0.432,0.326,1
24,43,32,0.242,0.434,0.323,1
26,47,35,0.241,0.435,0.324,1
27,48,36,0.243,0.432,0.324,1
28,50,37,0.243,0.435,0.322,1
29,51,38,0.246,0.432,0.322,1
29,51,37,0.248,0.436,0.316,1
28,50,36,0.246,0.439,0.316,1
26,46,33,0.248,0.438,0.314,1
23,41,29,0.247,0.441,0.312,1
20,37,25,0.244,0.451,0.305,1
16,29,20,0.246,0.446,0.308,1
14,24,16,0.259,0.444,0.296,1
14,24,16,0.259,0.444,0.296,1
12,21,14,0.255,0.447,0.298,1
11,17,12,0.275,0.425,0.300,1
11,17,12,0.275,0.425,0.300,1
10,16,11,0.270,0.432,0.297,1
9,15,10,0.265,0.441,0.294,1
8,14,9,0.258,0.452,0.290,1
8,14,9,0.258,0.452,0.290,1
10,16,11,0.270,0.432,0.297,1
9,14,10,0.273,0.424,0.303,1
7,12,8,0.259,0.444,0.296,1
7,12,8,0.259,0.444,0.296,1
7,12,8,0.259,0.444,0.296,1
7,11,7,0.280,0.440,0.280,1
7,10,7,0.292,0.417,0.292,1
6,9,6,0.286,0.429,0.286,1
5,7,5,0.294,0.412,0.294,1
5,7,5,0.294,0.412,0.294,1
5,7,5,0.294,0.412,0.294,1
5,7,5,0.294,0.412,0.294,1
5,7,5,0.294,0.412,0.294,1
5,7,5,0.294,0.412,0.294,1
5,7,5,0.294,0.412,0.294,1
5,7,5,0.294,0.412,0.294,1
5,7,5,0.294,0.412,0.294,1
4,7,5,0.250,0.437,0.312,1
4,6,4,0.286,0.429,0.286,1
5,7,4,0.312,0.437,0.250,1
5,7,5,0.294,0.412,0.294,1
5,7,5,0.294,0.412,0.294,1
5,7,5,0.294,0.412,0.294,1
6,8,5,0.316,0.421,0.263,1
6,8,6,0.300,0.400,0.300,1
6,8,6,0.300,0.400,0.300,1
6,9,6,0.286,0.429,0.286,1
6,9,7,0.273,0.409,0.318,1
6,8,6,0.300,0.400,0.300,1
6,9,7,0.273,0.409,0.318,1
7,9,7,0.304,0.391,0.304,1
8,10,8,0.308,0.385,0.308,1
11,13,11,0.314,0.371,0.314,1
14,16,14,0.318,0.364,0.318,1
18,19,17,0.333,0.352,0.315,1
17,18,16,0.333,0.353,0.314,1
12,14,12,0.316,0.368,0.316,1
8,10,7,0.320,0.400,0.280,1
8,10,7,0.320,0.400,0.280,1
8,10,8,0.308,0.385,0.308,1
9,11,8,0.321,0.393,0.286,1
9,11,8,0.321,0.393,0.286,1
9,11,8,0.321,0.393,0.286,1
9,11,8,0.321,0.393,0.286,1
14,17,13,0.318,0.386,0.295,1
18,21,17,0.321,0.375,0.304,1
20,23,19,0.323,0.371,0.306,1
22,26,22,0.314,0.371,0.314,1
24,28,24,0.316,0.368,0.316,1
25,31,26,0.305,0.378,0.317,1
26,33,27,0.302,0.384,0.314,1
26,33,28,0.299,0.379,0.322,1
25,32,27,0.298,0.381,0.321,1
24,31,26,0.296,0.383,0.321,1
22,30,25,0.286,0.390,0.325,1
22,31,25,0.282,0.397,0.321,1
22,31,26,0.278,0.392,0.329,1
21,32,26,0.266,0.405,0.329,1
21,33,26,0.262,0.412,0.325,1
20,32,26,0.256,0.410,0.333,1
19,32,25,0.250,0.421,0.329,1
17,29,23,0.246,0.420,0.333,1
14,25,19,0.241,0.431,0.328,1
12,23,17,0.231,0.442,0.327,1
13,25,18,0.232,0.446,0.321,1
14,25,19,0.241,0.431,0.328,1
13,23,16,0.250,0.442,0.308,1
10,19,13,0.238,0.452,0.310,1
7,14,9,0.233,0.467,0.300,1
5,10,7,0.227,0.455,0.318,1
6,10,7,0.261,0.435,0.304,1
8,15,10,0.242,0.455,0.303,1
10,19,13,0.238,0.452,0.310,1
10,21,15,0.217,0.457,0.326,1
11,23,16,0.220,0.460,0.320,1
12,24,18,0.222,0.444,0.333,1
11,23,17,0.216,0.451,0.333,1
11,22,16,0.224,0.449,0.327,1
10,20,15,0.222,0.444,0.333,1
9,18,13,0.225,0.450,0.325,1
7,14,10,0.226,0.452,0.323,1
8,16,11,0.229,0.457,0.314,1
8,17,12,0.216,0.459,0.324,1
8,15,11,0.235,0.441,0.324,1
7,13,9,0.241,0.448,0.310,1
6,12,9,0.222,0.444,0.333,1
6,10,7,0.261,0.435,0.304,1
4,7,6,0.235,0.412,0.353,1
3,5,4,0.250,0.417,0.333,1
3,5,4,0.250,0.417,0.333,1
4,5,5,0.286,0.357,0.357,1
4,5,5,0.286,0.357,0.357,1
4,5,5,0.286,0.357,0.357,1
4,5,5,0.286,0.357,0.357,1
4,5,5,0.286,0.357,0.357,1
4,6,5,0.267,0.400,0.333,1
4,6,5,0.267,0.400,0.333,1
4,5,5,0.286,0.357,0.357,1
4,6,5,0.267,0.400,0.333,1
4,5,5,0.286,0.357,0.357,1
4,5,5,0.286,0.357,0.357,1
4,5,4,0.308,0.385,0.308,1
4,5,4,0.308,0.385,0.308,1
4,5,4,0.308,0.385,0.308,1
4,5,4,0.308,0.385,0.308,1
4,5,4,0.308,0.385,0.308,1
4,5,4,0.308,0.385,0.308,1
4,6,4,0.286,0.429,0.286,1
4,6,5,0.267,0.400,0.333,1
5,7,5,0.294,0.412,0.294,1
5,7,6,0.278,0.389,0.333,1
6,8,7,0.286,0.381,0.333,1
6,9,8,0.261,0.391,0.348,1
7,10,8,0.280,0.400,0.320,1
7,10,9,0.269,0.385,0.346,1
7,11,9,0.259,0.407,0.333,1
7,11,9,0.259,0.407,0.333,1
7,11,9,0.259,0.407,0.333,1
7,11,10,0.250,0.393,0.357,1
7,12,10,0.241,0.414,0.345,1
7,13,11,0.226,0.419,0.355,1
8,13,12,0.242,0.394,0.364,1
8,13,12,0.242,0.394,0.364,1
8,14,13,0.229,0.400,0.371,1
9,15,14,0.237,0.395,0.368,1
9,16,15,0.225,0.400,0.375,1
10,17,16,0.233,0.395,0.372,1
10,19,18,0.213,0.404,0.383,1
11,21,21,0.208,0.396,0.396,1
13,24,24,0.213,0.393,0.393,1
14,27,28,0.203,0.391,0.406,1
16,31,33,0.200,0.387,0.412,1
18,34,37,0.202,0.382,0.416,1
19,35,39,0.204,0.376,0.419,1
18,35,39,0.196,0.380,0.424,1
18,35,39,0.196,0.380,0.424,1
19,35,39,0.204,0.376,0.419,1
18,35,39,0.196,0.380,0.424,1
18,34,38,0.200,0.378,0.422,1
18,33,37,0.205,0.375,0.420,1
18,32,36,0.209,0.372,0.419,1
18,31,35,0.214,0.369,0.417,1
17,30,35,0.207,0.366,0.427,1
17,29,33,0.215,0.367,0.418,1
16,28,32,0.211,0.368,0.421,1
16,27,31,0.216,0.365,0.419,1
15,26,30,0.211,0.366,0.423,1
15,25,29,0.217,0.362,0.420,1
13,23,27,0.206,0.365,0.429,1
12,20,23,0.218,0.364,0.418,1
10,18,21,0.204,0.367,0.429,1
9,16,18,0.209,0.372,0.419,1
9,15,18,0.214,0.357,0.429,1
9,15,17,0.220,0.366,0.415,1
9,14,16,0.231,0.359,0.410,1
8,13,15,0.222,0.361,0.417,1
8,14,15,0.216,0.378,0.405,1
9,14,15,0.237,0.368,0.395,1
10,15,16,0.244,0.366,0.390,1
10,15,17,0.238,0.357,0.405,1
10,16,17,0.233,0.372,0.395,1
10,16,18,0.227,0.364,0.409,1
10,17,19,0.217,0.370,0.413,1
11,18,20,0.224,0.367,0.408,1
11,18,20,0.224,0.367,0.408,1
10,17,19,0.217,0.370,0.413,1
11,17,19,0.234,0.362,0.404,1
11,17,18,0.239,0.370,0.391,1
11,17,18,0.239,0.370,0.391,1
10,17,17,0.227,0.386,0.386,1
9,15,16,0.225,0.375,0.400,1
9,14,15,0.237,0.368,0.395,1
8,12,13,0.242,0.364,0.394,1
8,11,11,0.267,0.367,0.367,1
7,10,10,0.259,0.370,0.370,1
7,10,10,0.259,0.370,0.370,1
6,9,9,0.250,0.375,0.375,1
6,9,9,0.250,0.375,0.375,1
6,8,9,0.261,0.348,0.391,1
6,8,8,0.273,0.364,0.364,1
6,8,8,0.273,0.364,0.364,1
6,8,8,0.273,0.364,0.364,1
6,8,8,0.273,0.364,0.364,1
6,8,8,0.273,0.364,0.364,1
5,8,8,0.238,0.381,0.381,1
5,7,7,0.263,0.368,0.368,1
5,7,7,0.263,0.368,0.368,1
5,7,7,0.263,0.368,0.368,1
5,6,6,0.294,0.353,0.353,1
4,6,6,0.250,0.375,0.375,1
4,6,6,0.250,0.375,0.375,1
4,6,6,0.250,0.375,0.375,1
4,7,7,0.222,0.389,0.389,1
5,7,7,0.263,0.368,0.368,1
5,7,7,0.263,0.368,0.368,1
5,7,7,0.263,0.368,0.368,1
5,7,7,0.263,0.368,0.368,1
5,7,7,0.263,0.368,0.368,1
5,8,8,0.238,0.381,0.381,1
6,8,8,0.273,0.364,0.364,1
6,9,9,0.250,0.375,0.375,1
7,9,9,0.280,0.360,0.360,1
7,10,9,0.269,0.385,0.346,1
6,9,9,0.250,0.375,0.375,1
6,9,9,0.250,0.375,0.375,1
6,9,9,0.250,0.375,0.375,1
6,8,8,0.273,0.364,0.364,1
5,8,8,0.238,0.381,0.381,1
5,7,7,0.263,0.368,0.368,1
5,7,7,0.263,0.368,0.368,1
5,7,6,0.278,0.389,0.333,1
4,6,6,0.250,0.375,0.375,1
4,6,6,0.250,0.375,0.375,1
4,6,6,0.250,0.375,0.375,1
4,6,5,0.267,0.400,0.333,1
4,6,5,0.267,0.400,0.333,1
4,6,5,0.267,0.400,0.333,1
4,5,5,0.286,0.357,0.357,1
3,5,5,0.231,0.385,0.385,1
3,5,5,0.231,0.385,0.385,1
3,5,5,0.231,0.385,0.385,1
4,5,5,0.286,0.357,0.357,1
4,6,6,0.250,0.375,0.375,1
4,6,6,0.250,0.375,0.375,1
4,6,6,0.250,0.375,0.375,1
4,7,6,0.235,0.412,0.353,1
5,7,7,0.263,0.368,0.368,1
5,7,7,0.263,0.368,0.368,1
5,8,7,0.250,0.400,0.350,1
5,8,7,0.250,0.400,0.350,1
5,7,7,0.263,0.368,0.368,1
5,7,7,0.263,0.368,0.368,1
5,7,7,0.263,0.368,0.368,1
5,7,7,0.263,0.368,0.368,1
6,9,9,0.250,0.375,0.375,1
6,10,10,0.231,0.385,0.385,1
7,11,11,0.241,0.379,0.379,1
8,13,14,0.229,0.371,0.400,1
9,15,18,0.214,0.357,0.429,1
10,19,25,0.185,0.352,0.463,1
12,32,40,0.143,0.381,0.476,1
17,50,61,0.133,0.391,0.477,1
24,62,75,0.149,0.385,0.466,1
24,60,71,0.155,0.387,0.458,1
20,50,58,0.156,0.391,0.453,1
18,45,53,0.155,0.388,0.457,1
15,34,41,0.167,0.378,0.456,1
11,20,23,0.204,0.370,0.426,1
9,15,16,0.225,0.375,0.400,1
7,12,13,0.219,0.375,0.406,1
7,11,11,0.241,0.379,0.379,1
6,10,10,0.231,0.385,0.385,1
6,9,9,0.250,0.375,0.375,1
6,8,8,0.273,0.364,0.364,1
5,8,8,0.238,0.381,0.381,1
5,7,7,0.263,0.368,0.368,1
5,7,7,0.263,0.368,0.368,1
5,7,7,0.263,0.368,0.368,1
5,7,6,0.278,0.389,0.333,1
5,6,6,0.294,0.353,0.353,1
5,6,5,0.312,0.375,0.312,1
5,6,5,0.312,0.375,0.312,1
5,6,5,0.312,0.375,0.312,1
5,6,6,0.294,0.353,0.353,1
5,7,6,0.278,0.389,0.333,1
6,7,6,0.316,0.368,0.316,1
6,7,6,0.316,0.368,0.316,1
6,7,6,0.316,0.368,0.316,1
6,7,6,0.316,0.368,0.316,1
6,8,6,0.300,0.400,0.300,1
6,8,7,0.286,0.381,0.333,1
7,9,8,0.292,0.375,0.333,1
10,12,10,0.312,0.375,0.312,1
14,18,15,0.298,0.383,0.319,1
18,24,20,0.290,0.387,0.323,1
21,29,24,0.284,0.392,0.324,1
22,31,25,0.282,0.397,0.321,1
23,33,26,0.280,0.402,0.317,1
23,34,26,0.277,0.410,0.313,1
24,35,27,0.279,0.407,0.314,1
23,35,26,0.274,0.417,0.310,1
23,35,27,0.271,0.412,0.318,1
24,36,28,0.273,0.409,0.318,1
22,34,26,0.268,0.415,0.317,1
19,31,23,0.260,0.425,0.315,1
18,28,21,0.269,0.418,0.313,1
16,25,19,0.267,0.417,0.317,1
14,23,17,0.259,0.426,0.315,1
13,21,16,0.260,0.420,0.320,1
12,20,15,0.255,0.426,0.319,1
12,20,15,0.255,0.426,0.319,1
12,20,16,0.250,0.417,0.333,1
12,20,16,0.250,0.417,0.333,1
12,20,17,0.245,0.408,0.347,1
11,20,16,0.234,0.426,0.340,1
11,19,16,0.239,0.413,0.348,1
11,18,15,0.250,0.409,0.341,1
11,18,15,0.250,0.409,0.341,1
11,18,16,0.244,0.400,0.356,1
11,19,16,0.239,0.413,0.348,1
12,19,17,0.250,0.396,0.354,1
12,20,18,0.240,0.400,0.360,1
12,21,19,0.231,0.404,0.365,1
12,20,19,0.235,0.392,0.373,1
12,20,19,0.235,0.392,0.373,1
12,20,19,0.235,0.392,0.373,1
12,20,19,0.235,0.392,0.373,1
13,20,20,0.245,0.377,0.377,1
13,20,20,0.245,0.377,0.377,1
13,21,20,0.241,0.389,0.370,1
13,21,21,0.236,0.382,0.382,1
13,21,21,0.236,0.382,0.382,1
13,22,22,0.228,0.386,0.386,1
14,22,22,0.241,0.379,0.379,1
14,23,23,0.233,0.383,0.383,1
14,23,24,0.230,0.377,0.393,1
14,24,24,0.226,0.387,0.387,1
15,25,26,0.227,0.379,0.394,1
15,26,27,0.221,0.382,0.397,1
16,26,28,0.229,0.371,0.400,1
16,28,30,0.216,0.378,0.405,1
18,30,33,0.222,0.370,0.407,1
19,33,36,0.216,0.375,0.409,1
20,34,38,0.217,0.370,0.413,1
21,35,39,0.221,0.368,0.411,1
21,37,41,0.212,0.374,0.414,1
22,38,43,0.214,0.369,0.417,1
24,40,46,0.218,0.364,0.418,1
25,42,48,0.217,0.365,0.417,1
26,43,50,0.218,0.361,0.420,1
27,46,53,0.214,0.365,0.421,1
30,50,58,0.217,0.362,0.420,1
32,55,63,0.213,0.367,0.420,1
34,58,67,0.214,0.365,0.421,1
36,61,72,0.213,0.361,0.426,1
37,63,74,0.213,0.362,0.425,1
38,66,77,0.210,0.365,0.425,1
39,67,78,0.212,0.364,0.424,1
39,67,78,0.212,0.364,0.424,1
39,68,78,0.211,0.368,0.422,1
41,71,82,0.211,0.366,0.423,1
46,79,91,0.213,0.366,0.421,1
50,87,99,0.212,0.369,0.419,1
53,90,103,0.215,0.366,0.419,1
53,90,103,0.215,0.366,0.419,1
53,90,103,0.215,0.366,0.419,1
52,88,100,0.217,0.367,0.417,1
50,85,97,0.216,0.366,0.418,1
49,82,94,0.218,0.364,0.418,1
48,81,92,0.217,0.367,0.416,1
50,84,96,0.217,0.365,0.417,1
53,88,100,0.220,0.365,0.415,1
54,92,103,0.217,0.369,0.414,1
53,92,102,0.215,0.372,0.413,1
52,92,101,0.212,0.376,0.412,1
51,92,101,0.209,0.377,0.414,1
50,91,100,0.207,0.378,0.415,1
51,94,103,0.206,0.379,0.415,1
50,93,102,0.204,0.380,0.416,1
51,95,104,0.204,0.380,0.416,1
53,97,106,0.207,0.379,0.414,1
54,99,108,0.207,0.379,0.414,1
54,99,108,0.207,0.379,0.414,1
53,99,107,0.205,0.382,0.413,1
52,97,105,0.205,0.382,0.413,1
50,95,102,0.202,0.385,0.413,1
50,94,101,0.204,0.384,0.412,1
49,93,100,0.202,0.384,0.413,1
50,94,101,0.204,0.384,0.412,1
51,95,102,0.206,0.383,0.411,1
52,95,102,0.209,0.382,0.410,1
50,91,97,0.210,0.382,0.408,1
49,88,94,0.212,0.381,0.407,1
47,85,91,0.211,0.381,0.408,1
46,82,87,0.214,0.381,0.405,1
44,80,85,0.211,0.383,0.407,1
43,77,82,0.213,0.381,0.406,1
42,75,79,0.214,0.383,0.403,1
42,74,78,0.216,0.381,0.402,1
42,74,78,0.216,0.381,0.402,1
43,75,78,0.219,0.383,0.398,1
42,73,77,0.219,0.380,0.401,1
41,72,76,0.217,0.381,0.402,1
39,69,73,0.215,0.381,0.403,1
37,66,70,0.214,0.382,0.405,1
36,65,69,0.212,0.382,0.406,1
35,61,66,0.216,0.377,0.407,1
32,58,62,0.211,0.382,0.408,1
30,54,57,0.213,0.383,0.404,1
27,48,51,0.214,0.381,0.405,1
24,43,46,0.212,0.381,0.407,1
23,40,42,0.219,0.381,0.400,1
21,36,38,0.221,0.379,0.400,1
19,33,35,0.218,0.379,0.402,1
18,31,32,0.222,0.383,0.395,1
16,28,28,0.222,0.389,0.389,1
15,25,25,0.231,0.385,0.385,1
14,23,23,0.233,0.383,0.383,1
13,20,20,0.245,0.377,0.377,1
11,18,17,0.239,0.391,0.370,1
10,16,15,0.244,0.390,0.366,1
9,14,13,0.250,0.389,0.361,1
9,13,12,0.265,0.382,0.353,1
8,12,11,0.258,0.387,0.355,1
8,11,10,0.276,0.379,0.345,1
7,10,9,0.269,0.385,0.346,1
7,9,9,0.280,0.360,0.360,1
7,9,9,0.280,0.360,0.360,1
7,9,9,0.280,0.360,0.360,1
7,9,9,0.280,0.360,0.360,1
7,9,9,0.280,0.360,0.360,1
7,9,9,0.280,0.360,0.360,1
7,9,9,0.280,0.360,0.360,1
7,9,9,0.280,0.360,0.360,1
7,10,9,0.269,0.385,0.346,1
8,10,10,0.286,0.357,0.357,1
8,11,11,0.267,0.367,0.367,1
8,12,12,0.250,0.375,0.375,1
8,12,12,0.250,0.375,0.375,1
9,13,13,0.257,0.371,0.371,1
9,14,15,0.237,0.368,0.395,1
11,17,18,0.239,0.370,0.391,1
12,19,21,0.231,0.365,0.404,1
13,23,25,0.213,0.377,0.410,1
16,27,30,0.219,0.370,0.411,1
17,30,34,0.210,0.370,0.420,1
19,34,38,0.209,0.374,0.418,1
21,37,40,0.214,0.378,0.408,1
22,38,41,0.218,0.376,0.406,1
22,37,41,0.220,0.370,0.410,1
22,36,40,0.224,0.367,0.408,1
22,34,39,0.232,0.358,0.411,1
23,36,41,0.230,0.360,0.410,1
24,40,45,0.220,0.367,0.413,1
24,41,47,0.214,0.366,0.420,1
25,42,48,0.217,0.365,0.417,1
24,42,47,0.212,0.372,0.416,1
24,41,45,0.218,0.373,0.409,1
23,40,43,0.217,0.377,0.406,1
23,39,41,0.223,0.379,0.398,1
24,41,44,0.220,0.376,0.404,1
23,40,44,0.215,0.374,0.411,1
24,41,45,0.218,0.373,0.409,1
26,45,50,0.215,0.372,0.413,1
26,45,50,0.215,0.372,0.413,1
26,44,49,0.218,0.370,0.412,1
25,42,46,0.221,0.372,0.407,1
24,39,43,0.226,0.368,0.406,1
24,39,42,0.229,0.371,0.400,1
25,41,44,0.227,0.373,0.400,1
27,44,48,0.227,0.370,0.403,1
28,46,50,0.226,0.371,0.403,1
31,50,56,0.226,0.365,0.409,1
33,54,61,0.223,0.365,0.412,1
34,56,63,0.222,0.366,0.412,1
35,58,66,0.220,0.365,0.415,1
36,59,67,0.222,0.364,0.414,1
37,60,67,0.226,0.366,0.409,1
37,59,66,0.228,0.364,0.407,1
35,56,63,0.227,0.364,0.409,1
34,53,59,0.233,0.363,0.404,1
31,49,54,0.231,0.366,0.403,1
30,46,51,0.236,0.362,0.402,1
28,44,47,0.235,0.370,0.395,1
27,42,44,0.239,0.372,0.389,1
27,41,43,0.243,0.369,0.387,1
26,41,42,0.239,0.376,0.385,1
28,44,45,0.239,0.376,0.385,1
28,44,46,0.237,0.373,0.390,1
29,45,47,0.240,0.372,0.388,1
29,47,48,0.234,0.379,0.387,1
29,47,48,0.234,0.379,0.387,1
28,46,45,0.235,0.387,0.378,1
26,43,42,0.234,0.387,0.378,1
24,40,38,0.235,0.392,0.373,1
22,36,34,0.239,0.391,0.370,1
22,37,35,0.234,0.394,0.372,1
21,36,35,0.228,0.391,0.380,1
21,36,34,0.231,0.396,0.374,1
21,35,34,0.233,0.389,0.378,1
20,33,33,0.233,0.384,0.384,1
20,33,32,0.235,0.388,0.376,1
20,33,33,0.233,0.384,0.384,1
21,34,34,0.236,0.382,0.382,1
23,36,37,0.240,0.375,0.385,1
24,38,39,0.238,0.376,0.386,1
26,41,42,0.239,0.376,0.385,1
29,44,46,0.244,0.370,0.387,1
30,47,49,0.238,0.373,0.389,1
32,49,51,0.242,0.371,0.386,1
33,51,53,0.241,0.372,0.387,1
33,51,54,0.239,0.370,0.391,1
32,50,52,0.239,0.373,0.388,1
31,50,52,0.233,0.376,0.391,1
29,48,49,0.230,0.381,0.389,1
28,48,49,0.224,0.384,0.392,1
26,45,45,0.224,0.388,0.388,1
24,43,42,0.220,0.394,0.385,1
23,42,41,0.217,0.396,0.387,1
20,38,35,0.215,0.409,0.376,1
20,37,35,0.217,0.402,0.380,1
19,36,33,0.216,0.409,0.375,1
19,35,32,0.221,0.407,0.372,1
18,34,31,0.217,0.410,0.373,1
18,33,30,0.222,0.407,0.370,1
16,30,27,0.219,0.411,0.370,1
16,30,26,0.222,0.417,0.361,1
15,28,25,0.221,0.412,0.368,1
14,27,23,0.219,0.422,0.359,1
13,25,22,0.217,0.417,0.367,1
14,27,23,0.219,0.422,0.359,1
15,27,25,0.224,0.403,0.373,1
16,31,29,0.211,0.408,0.382,1
18,35,33,0.209,0.407,0.384,1
20,38,37,0.211,0.400,0.389,1
21,40,40,0.208,0.396,0.396,1
22,41,41,0.212,0.394,0.394,1
23,44,45,0.205,0.393,0.402,1
23,43,44,0.209,0.391,0.400,1
24,45,46,0.209,0.391,0.400,1
23,45,46,0.202,0.395,0.404,1
24,47,48,0.202,0.395,0.403,1
23,44,45,0.205,0.393,0.402,1
22,43,44,0.202,0.394,0.404,1
21,41,42,0.202,0.394,0.404,1
20,40,41,0.198,0.396,0.406,1
22,43,44,0.202,0.394,0.404,1
22,45,45,0.196,0.402,0.402,1
23,46,47,0.198,0.397,0.405,1
26,52,52,0.200,0.400,0.400,1
28,55,55,0.203,0.399,0.399,1
29,57,58,0.201,0.396,0.403,1
29,56,57,0.204,0.394,0.401,1
28,56,56,0.200,0.400,0.400,1
28,55,55,0.203,0.399,0.399,1
28,56,55,0.201,0.403,0.396,1
27,54,54,0.200,0.400,0.400,1
27,54,54,0.200,0.400,0.400,1
25,52,52,0.194,0.403,0.403,1
24,50,50,0.194,0.403,0.403,1
21,45,44,0.191,0.409,0.400,1
18,40,40,0.184,0.408,0.408,1
16,34,34,0.190,0.405,0.405,1
13,27,26,0.197,0.409,0.394,1
12,22,21,0.218,0.400,0.382,1
10,18,18,0.217,0.391,0.391,1
9,15,15,0.231,0.385,0.385,1
9,14,14,0.243,0.378,0.378,1
10,17,16,0.233,0.395,0.372,1
9,14,14,0.243,0.378,0.378,1
8,12,12,0.250,0.375,0.375,1
7,10,10,0.259,0.370,0.370,1
6,9,9,0.250,0.375,0.375,1
6,10,9,0.240,0.400,0.360,1
8,13,12,0.242,0.394,0.364,1
8,13,13,0.235,0.382,0.382,1
8,14,13,0.229,0.400,0.371,1
8,13,13,0.235,0.382,0.382,1
7,11,11,0.241,0.379,0.379,1
7,14,13,0.206,0.412,0.382,1
10,21,20,0.196,0.412,0.392,1
14,31,30,0.187,0.413,0.400,1
16,35,34,0.188,0.412,0.400,1
15,34,34,0.181,0.410,0.410,1
15,32,32,0.190,0.405,0.405,1
12,27,26,0.185,0.415,0.400,1
10,21,20,0.196,0.412,0.392,1
9,17,17,0.209,0.395,0.395,1
9,18,18,0.200,0.400,0.400,1
7,14,14,0.200,0.400,0.400,1
7,14,13,0.206,0.412,0.382,1
6,12,11,0.207,0.414,0.379,1
5,10,9,0.208,0.417,0.375,1
5,8,8,0.238,0.381,0.381,1
4,8,7,0.211,0.421,0.368,1
4,7,7,0.222,0.389,0.389,1
5,8,8,0.238,0.381,0.381,1
6,9,8,0.261,0.391,0.348,1
6,10,9,0.240,0.400,0.360,1
7,11,10,0.250,0.393,0.357,1
9,13,13,0.257,0.371,0.371,1
10,15,15,0.250,0.375,0.375,1
11,17,16,0.250,0.386,0.364,1
13,19,18,0.260,0.380,0.360,1
13,19,19,0.255,0.373,0.373,1
14,21,20,0.255,0.382,0.364,1
13,21,20,0.241,0.389,0.370,1
12,20,19,0.235,0.392,0.373,1
12,20,19,0.235,0.392,0.373,1
11,17,16,0.250,0.386,0.364,1
9,15,14,0.237,0.395,0.368,1
8,13,12,0.242,0.394,0.364,1
7,12,11,0.233,0.400,0.367,1
7,12,11,0.233,0.400,0.367,1
8,13,12,0.242,0.394,0.364,1
8,14,12,0.235,0.412,0.353,1
9,15,14,0.237,0.395,0.368,1
10,16,15,0.244,0.390,0.366,1
11,17,16,0.250,0.386,0.364,1
11,18,16,0.244,0.400,0.356,1
12,19,17,0.250,0.396,0.354,1
13,20,18,0.255,0.392,0.353,1
13,21,19,0.245,0.396,0.358,1
13,21,19,0.245,0.396,0.358,1
14,22,20,0.250,0.393,0.357,1
14,22,20,0.250,0.393,0.357,1
15,23,21,0.254,0.390,0.356,1
13,20,18,0.255,0.392,0.353,1
10,16,15,0.244,0.390,0.366,1
8,12,11,0.258,0.387,0.355,1
7,12,11,0.233,0.400,0.367,1
6,9,8,0.261,0.391,0.348,1
6,10,9,0.240,0.400,0.360,1
6,10,9,0.240,0.400,0.360,1
7,11,10,0.250,0.393,0.357,1
7,12,11,0.233,0.400,0.367,1
6,11,10,0.222,0.407,0.370,1
5,10,9,0.208,0.417,0.375,1
4,8,7,0.211,0.421,0.368,1
3,6,5,0.214,0.429,0.357,1
3,7,6,0.187,0.437,0.375,1
4,7,5,0.250,0.437,0.312,1
4,8,6,0.222,0.444,0.333,1
5,10,8,0.217,0.435,0.348,1
7,12,10,0.241,0.414,0.345,1
9,17,14,0.225,0.425,0.350,1
13,23,21,0.228,0.404,0.368,1
17,28,27,0.236,0.389,0.375,1
19,32,33,0.226,0.381,0.393,1
23,36,38,0.237,0.371,0.392,1
25,39,41,0.238,0.371,0.390,1
25,40,42,0.234,0.374,0.393,1
23,38,38,0.232,0.384,0.384,1
20,34,33,0.230,0.391,0.379,1
18,31,28,0.234,0.403,0.364,1
16,30,25,0.225,0.423,0.352,1
15,27,22,0.234,0.422,0.344,1
13,24,19,0.232,0.429,0.339,1
11,22,17,0.220,0.440,0.340,1
9,19,13,0.220,0.463,0.317,1
9,18,13,0.225,0.450,0.325,1
9,20,13,0.214,0.476,0.310,1
12,24,17,0.226,0.453,0.321,1
12,26,18,0.214,0.464,0.321,1
13,28,19,0.217,0.467,0.317,1
13,28,19,0.217,0.467,0.317,1
12,25,17,0.222,0.463,0.315,1
10,22,15,0.213,0.468,0.319,1
10,20,13,0.233,0.465,0.302,1
9,18,12,0.231,0.462,0.308,1
7,12,8,0.259,0.444,0.296,1
7,12,8,0.259,0.444,0.296,1
6,10,7,0.261,0.435,0.304,1
6,10,7,0.261,0.435,0.304,1
5,8,6,0.263,0.421,0.316,1
4,7,5,0.250,0.437,0.312,1
4,6,4,0.286,0.429,0.286,1
4,7,5,0.250,0.437,0.312,1
5,8,6,0.263,0.421,0.316,1
5,9,6,0.250,0.450,0.300,1
5,9,6,0.250,0.450,0.300,1
5,9,6,0.250,0.450,0.300,1
6,10,7,0.261,0.435,0.304,1
6,11,7,0.250,0.458,0.292,1
7,12,9,0.250,0.429,0.321,1
9,18,13,0.225,0.450,0.325,1
10,20,15,0.222,0.444,0.333,1
7,13,9,0.241,0.448,0.310,1
7,13,9,0.241,0.448,0.310,1
6,11,8,0.240,0.440,0.320,1
8,13,11,0.250,0.406,0.344,1
8,14,11,0.242,0.424,0.333,1
8,12,10,0.267,0.400,0.333,1
7,11,9,0.259,0.407,0.333,1
7,9,8,0.292,0.375,0.333,1
6,8,6,0.300,0.400,0.300,1
5,7,6,0.278,0.389,0.333,1
6,8,6,0.300,0.400,0.300,1
6,8,7,0.286,0.381,0.333,1
6,9,8,0.261,0.391,0.348,1
7,11,10,0.250,0.393,0.357,1
8,12,11,0.258,0.387,0.355,1
10,16,16,0.238,0.381,0.381,1
12,19,20,0.235,0.373,0.392,1
15,23,25,0.238,0.365,0.397,1
17,28,30,0.227,0.373,0.400,1
20,33,37,0.222,0.367,0.411,1
25,41,46,0.223,0.366,0.411,1
29,46,52,0.228,0.362,0.409,1
31,51,57,0.223,0.367,0.410,1
32,52,59,0.224,0.364,0.413,1
31,52,58,0.220,0.369,0.411,1
29,49,56,0.216,0.366,0.418,1
26,46,52,0.210,0.371,0.419,1
22,39,43,0.212,0.375,0.413,1
20,38,41,0.202,0.384,0.414,1
19,36,38,0.204,0.387,0.409,1
19,36,38,0.204,0.387,0.409,1
18,34,36,0.205,0.386,0.409,1
18,33,35,0.209,0.384,0.407,1
17,32,33,0.207,0.390,0.402,1
17,32,33,0.207,0.390,0.402,1
17,31,31,0.215,0.392,0.392,1
16,30,30,0.211,0.395,0.395,1
16,30,30,0.211,0.395,0.395,1
18,34,36,0.205,0.386,0.409,1
18,34,36,0.205,0.386,0.409,1
20,37,41,0.204,0.378,0.418,1
23,42,46,0.207,0.378,0.414,1
21,39,42,0.206,0.382,0.412,1
21,38,41,0.210,0.380,0.410,1
18,33,36,0.207,0.379,0.414,1
17,30,33,0.213,0.375,0.412,1
15,26,29,0.214,0.371,0.414,1
13,22,24,0.220,0.373,0.407,1
12,21,23,0.214,0.375,0.411,1
12,19,21,0.231,0.365,0.404,1
9,16,17,0.214,0.381,0.405,1
15,25,28,0.221,0.368,0.412,1
25,42,48,0.217,0.365,0.417,1
32,56,62,0.213,0.373,0.413,1
41,69,78,0.218,0.367,0.415,1
41,70,81,0.214,0.365,0.422,1
37,63,74,0.213,0.362,0.425,1
33,58,68,0.208,0.365,0.428,1
27,48,57,0.205,0.364,0.432,1
22,39,46,0.206,0.364,0.430,1
19,33,39,0.209,0.363,0.429,1
17,30,34,0.210,0.370,0.420,1
17,29,33,0.215,0.367,0.418,1
16,27,31,0.216,0.365,0.419,1
17,28,33,0.218,0.359,0.423,1
16,27,31,0.216,0.365,0.419,1
15,25,29,0.217,0.362,0.420,1
14,24,28,0.212,0.364,0.424,1
13,23,26,0.210,0.371,0.419,1
12,22,25,0.203,0.373,0.424,1
11,19,22,0.212,0.365,0.423,1
10,17,19,0.217,0.370,0.413,1
9,15,16,0.225,0.375,0.400,1
8,13,14,0.229,0.371,0.400,1
8,13,13,0.235,0.382,0.382,1
8,12,12,0.250,0.375,0.375,1
8,12,12,0.250,0.375,0.375,1
7,12,12,0.226,0.387,0.387,1
7,12,12,0.226,0.387,0.387,1
7,12,12,0.226,0.387,0.387,1
7,12,12,0.226,0.387,0.387,1
8,13,13,0.235,0.382,0.382,1
8,14,14,0.222,0.389,0.389,1
9,15,15,0.231,0.385,0.385,1
9,16,16,0.220,0.390,0.390,1
9,16,16,0.220,0.390,0.390,1
9,16,17,0.214,0.381,0.405,1
9,16,17,0.214,0.381,0.405,1
10,16,17,0.233,0.372,0.395,1
11,18,18,0.234,0.383,0.383,1
12,20,19,0.235,0.392,0.373,1
13,22,21,0.232,0.393,0.375,1
14,23,23,0.233,0.383,0.383,1
15,26,27,0.221,0.382,0.397,1
17,30,31,0.218,0.385,0.397,1
18,33,35,0.209,0.384,0.407,1
19,35,37,0.209,0.385,0.407,1
19,36,39,0.202,0.383,0.415,1
18,36,39,0.194,0.387,0.419,1
18,35,38,0.198,0.385,0.418,1
17,32,35,0.202,0.381,0.417,1
16,30,33,0.203,0.380,0.418,1
14,28,31,0.192,0.384,0.425,1
13,26,28,0.194,0.388,0.418,1
14,26,29,0.203,0.377,0.420,1
15,27,31,0.205,0.370,0.425,1
15,28,33,0.197,0.368,0.434,1
17,31,35,0.205,0.373,0.422,1
19,35,41,0.200,0.368,0.432,1
19,36,42,0.196,0.371,0.433,1
19,37,42,0.194,0.378,0.429,1
19,36,41,0.198,0.375,0.427,1
16,31,35,0.195,0.378,0.427,1
13,26,29,0.191,0.382,0.426,1
11,20,23,0.204,0.370,0.426,1
10,17,18,0.222,0.378,0.400,1
11,17,19,0.234,0.362,0.404,1
13,19,21,0.245,0.358,0.396,1
12,20,21,0.226,0.377,0.396,1
9,16,18,0.209,0.372,0.419,1
7,11,12,0.233,0.367,0.400,1
8,12,13,0.242,0.364,0.394,1
8,12,12,0.250,0.375,0.375,1
8,11,11,0.267,0.367,0.367,1
8,11,11,0.267,0.367,0.367,1
8,11,10,0.276,0.379,0.345,1
8,11,11,0.267,0.367,0.367,1
8,11,11,0.267,0.367,0.367,1
8,11,11,0.267,0.367,0.367,1
8,11,11,0.267,0.367,0.367,1
8,12,12,0.250,0.375,0.375,1
9,13,13,0.257,0.371,0.371,1
10,15,15,0.250,0.375,0.375,1
11,17,18,0.239,0.370,0.391,1
11,18,19,0.229,0.375,0.396,1
11,18,19,0.229,0.375,0.396,1
11,17,19,0.234,0.362,0.404,1
11,17,19,0.234,0.362,0.404,1
11,18,20,0.224,0.367,0.408,1
12,19,21,0.231,0.365,0.404,1
12,19,21,0.231,0.365,0.404,1
13,20,22,0.236,0.364,0.400,1
12,20,22,0.222,0.370,0.407,1
12,19,21,0.231,0.365,0.404,1
11,18,20,0.224,0.367,0.408,1
10,17,18,0.222,0.378,0.400,1
9,15,17,0.220,0.366,0.415,1
9,14,15,0.237,0.368,0.395,1
8,13,14,0.229,0.371,0.400,1
8,12,13,0.242,0.364,0.394,1
8,12,12,0.250,0.375,0.375,1
7,11,11,0.241,0.379,0.379,1
6,9,10,0.240,0.360,0.400,1
6,8,8,0.273,0.364,0.364,1
6,9,8,0.261,0.391,0.348,1
6,9,9,0.250,0.375,0.375,1
7,10,10,0.259,0.370,0.370,1
7,11,11,0.241,0.379,0.379,1
7,11,11,0.241,0.379,0.379,1
8,12,12,0.250,0.375,0.375,1
9,13,14,0.250,0.361,0.389,1
9,15,16,0.225,0.375,0.400,1
9,15,16,0.225,0.375,0.400,1
7,12,13,0.219,0.375,0.406,1
7,12,12,0.226,0.387,0.387,1
8,14,14,0.222,0.389,0.389,1
10,16,18,0.227,0.364,0.409,1
10,16,18,0.227,0.364,0.409,1
9,15,16,0.225,0.375,0.400,1
7,11,12,0.233,0.367,0.400,1
7,12,13,0.219,0.375,0.406,1
6,10,11,0.222,0.370,0.407,1
6,9,9,0.250,0.375,0.375,1
5,7,7,0.263,0.368,0.368,1
4,5,5,0.286,0.357,0.357,1
4,5,5,0.286,0.357,0.357,1
4,6,5,0.267,0.400,0.333,1
4,6,6,0.250,0.375,0.375,1
5,6,6,0.294,0.353,0.353,1
5,7,7,0.263,0.368,0.368,1
5,7,7,0.263,0.368,0.368,1
5,7,7,0.263,0.368,0.368,1
5,6,7,0.278,0.333,0.389,1
4,6,6,0.250,0.375,0.375,1
4,6,6,0.250,0.375,0.375,1
4,6,6,0.250,0.375,0.375,1
4,6,6,0.250,0.375,0.375,1
4,6,6,0.250,0.375,0.375,1
4,6,6,0.250,0.375,0.375,1
4,6,7,0.235,0.353,0.412,1
4,6,6,0.250,0.375,0.375,1
4,7,7,0.222,0.389,0.389,1
4,7,7,0.222,0.389,0.389,1
4,6,6,0.250,0.375,0.375,1
4,6,6,0.250,0.375,0.375,1
5,7,7,0.263,0.368,0.368,1
5,9,9,0.217,0.391,0.391,1
6,10,10,0.231,0.385,0.385,1
7,12,12,0.226,0.387,0.387,1
7,12,13,0.219,0.375,0.406,1
8,14,15,0.216,0.378,0.405,1
10,20,21,0.196,0.392,0.412,1
12,24,26,0.194,0.387,0.419,1
16,29,33,0.205,0.372,0.423,1
18,34,38,0.200,0.378,0.422,1
19,36,41,0.198,0.375,0.427,1
20,37,42,0.202,0.374,0.424,1
21,38,43,0.206,0.373,0.422,1
23,40,46,0.211,0.367,0.422,1
25,42,49,0.216,0.362,0.422,1
26,44,50,0.217,0.367,0.417,1
27,45,52,0.218,0.363,0.419,1
28,46,53,0.220,0.362,0.417,1
29,47,53,0.225,0.364,0.411,1
29,47,54,0.223,0.362,0.415,1
30,47,54,0.229,0.359,0.412,1
31,49,56,0.228,0.360,0.412,1
33,50,58,0.234,0.355,0.411,1
36,52,60,0.243,0.351,0.405,1
38,53,60,0.252,0.351,0.397,1
40,53,61,0.260,0.344,0.396,1
42,52,60,0.273,0.338,0.390,1
44,49,58,0.291,0.325,0.384,1
46,45,55,0.315,0.308,0.377,1
47,41,51,0.338,0.295,0.367,1
50,41,51,0.352,0.289,0.359,1
53,50,59,0.327,0.309,0.364,1
55,56,64,0.314,0.320,0.366,1
54,56,63,0.312,0.324,0.364,1
48,50,57,0.310,0.323,0.368,1
39,45,52,0.287,0.331,0.382,1
33,46,53,0.250,0.348,0.402,1
34,53,59,0.233,0.363,0.404,1
36,60,67,0.221,0.368,0.411,1
39,67,74,0.217,0.372,0.411,1
41,72,79,0.214,0.375,0.411,1
44,77,85,0.214,0.374,0.413,1
46,80,89,0.214,0.372,0.414,1
45,76,87,0.216,0.365,0.418,1
42,71,82,0.215,0.364,0.421,1
38,66,77,0.210,0.365,0.425,1
36,63,74,0.208,0.364,0.428,1
31,58,67,0.199,0.372,0.429,1
29,56,66,0.192,0.371,0.437,1
28,55,63,0.192,0.377,0.432,1
29,60,67,0.186,0.385,0.429,1
35,71,78,0.190,0.386,0.424,1
42,81,90,0.197,0.380,0.423,1
49,91,101,0.203,0.378,0.419,1
55,100,110,0.208,0.377,0.415,1
58,102,113,0.212,0.374,0.414,1
58,98,110,0.218,0.368,0.414,1
52,86,99,0.219,0.363,0.418,1
47,76,88,0.223,0.360,0.417,1
42,67,78,0.225,0.358,0.417,1
35,55,65,0.226,0.355,0.419,1
31,48,57,0.228,0.353,0.419,1
26,40,48,0.228,0.351,0.421,1
22,33,40,0.232,0.347,0.421,1
15,22,25,0.242,0.355,0.403,1
12,18,19,0.245,0.367,0.388,1
12,18,19,0.245,0.367,0.388,1
13,19,21,0.245,0.358,0.396,1
13,19,20,0.250,0.365,0.385,1
14,20,21,0.255,0.364,0.382,1
15,21,22,0.259,0.362,0.379,1
15,22,23,0.250,0.367,0.383,1
17,25,26,0.250,0.368,0.382,1
17,26,27,0.243,0.371,0.386,1
18,26,28,0.250,0.361,0.389,1
16,24,26,0.242,0.364,0.394,1
14,21,23,0.241,0.362,0.397,1
13,18,20,0.255,0.353,0.392,1
11,16,16,0.256,0.372,0.372,1
10,14,15,0.256,0.359,0.385,1
10,13,13,0.278,0.361,0.361,1
9,13,13,0.257,0.371,0.371,1
10,13,14,0.270,0.351,0.378,1
10,14,14,0.263,0.368,0.368,1
11,15,16,0.262,0.357,0.381,1
11,16,18,0.244,0.356,0.400,1
12,17,20,0.245,0.347,0.408,1
13,19,23,0.236,0.345,0.418,1
14,21,24,0.237,0.356,0.407,1
16,23,28,0.239,0.343,0.418,1
16,25,29,0.229,0.357,0.414,1
17,26,31,0.230,0.351,0.419,1
18,27,32,0.234,0.351,0.416,1
19,29,34,0.232,0.354,0.415,1
19,30,35,0.226,0.357,0.417,1
20,31,36,0.230,0.356,0.414,1
20,31,37,0.227,0.352,0.420,1
18,29,34,0.222,0.358,0.420,1
17,28,33,0.218,0.359,0.423,1
15,25,30,0.214,0.357,0.429,1
11,18,21,0.220,0.360,0.420,1
8,13,14,0.229,0.371,0.400,1
5,8,9,0.227,0.364,0.409,1
5,7,7,0.263,0.368,0.368,1
4,7,6,0.235,0.412,0.353,1
4,5,5,0.286,0.357,0.357,1
4,6,5,0.267,0.400,0.333,1
5,6,5,0.312,0.375,0.312,1
5,7,6,0.278,0.389,0.333,1
6,8,7,0.286,0.381,0.333,1
8,12,10,0.267,0.400,0.333,1
10,14,12,0.278,0.389,0.333,1
10,15,13,0.263,0.395,0.342,1
9,12,11,0.281,0.375,0.344,1
8,12,10,0.267,0.400,0.333,1
9,14,13,0.250,0.389,0.361,1
11,16,16,0.256,0.372,0.372,1
12,19,20,0.235,0.373,0.392,1
13,23,24,0.217,0.383,0.400,1
17,29,32,0.218,0.372,0.410,1
21,37,42,0.210,0.370,0.420,1
27,48,54,0.209,0.372,0.419,1
34,59,66,0.214,0.371,0.415,1
42,71,81,0.216,0.366,0.418,1
45,76,85,0.218,0.369,0.413,1
42,73,82,0.213,0.371,0.416,1
40,72,82,0.206,0.371,0.423,1
45,78,87,0.214,0.371,0.414,1
48,81,88,0.221,0.373,0.406,1
47,78,83,0.226,0.375,0.399,1
43,68,72,0.235,0.372,0.393,1
34,54,54,0.239,0.380,0.380,1
26,38,36,0.260,0.380,0.360,1
19,26,23,0.279,0.382,0.338,1
15,20,17,0.288,0.385,0.327,1
13,17,14,0.295,0.386,0.318,1
10,15,12,0.270,0.405,0.324,1
9,15,11,0.257,0.429,0.314,1
9,15,11,0.257,0.429,0.314,1
9,15,11,0.257,0.429,0.314,1
8,15,11,0.235,0.441,0.324,1
9,16,12,0.243,0.432,0.324,1
9,17,12,0.237,0.447,0.316,1
9,17,12,0.237,0.447,0.316,1
9,18,12,0.231,0.462,0.308,1
9,19,13,0.220,0.463,0.317,1
9,19,13,0.220,0.463,0.317,1
9,19,13,0.220,0.463,0.317,1
10,20,14,0.227,0.455,0.318,1
10,21,15,0.217,0.457,0.326,1
11,23,16,0.220,0.460,0.320,1
14,27,20,0.230,0.443,0.328,1
17,33,25,0.227,0.440,0.333,1
20,38,28,0.233,0.442,0.326,1
21,40,29,0.233,0.444,0.322,1
20,39,28,0.230,0.448,0.322,1
20,41,29,0.222,0.456,0.322,1
21,43,31,0.221,0.453,0.326,1
22,44,32,0.224,0.449,0.327,1
22,44,31,0.227,0.454,0.320,1
23,45,32,0.230,0.450,0.320,1
23,45,32,0.230,0.450,0.320,1
22,45,32,0.222,0.455,0.323,1
21,43,31,0.221,0.453,0.326,1
20,42,29,0.220,0.462,0.319,1
19,39,28,0.221,0.453,0.326,1
17,36,25,0.218,0.462,0.321,1
16,33,23,0.222,0.458,0.319,1
16,33,23,0.222,0.458,0.319,1
16,33,23,0.222,0.458,0.319,1
17,34,24,0.227,0.453,0.320,1
17,35,24,0.224,0.461,0.316,1
18,37,26,0.222,0.457,0.321,1
20,42,29,0.220,0.462,0.319,1
24,50,35,0.220,0.459,0.321,1
26,53,38,0.222,0.453,0.325,1
27,53,38,0.229,0.449,0.322,1
26,52,39,0.222,0.444,0.333,1
27,54,41,0.221,0.443,0.336,1
29,58,45,0.220,0.439,0.341,1
32,62,50,0.222,0.431,0.347,1
34,67,53,0.221,0.435,0.344,1
35,70,55,0.219,0.437,0.344,1
36,71,56,0.221,0.436,0.344,1
36,71,55,0.222,0.438,0.340,1
35,69,55,0.220,0.434,0.346,1
34,68,54,0.218,0.436,0.346,1
33,67,53,0.216,0.438,0.346,1
33,66,53,0.217,0.434,0.349,1
33,67,54,0.214,0.435,0.351,1
34,68,55,0.217,0.433,0.350,1
36,70,57,0.221,0.429,0.350,1
37,72,58,0.222,0.431,0.347,1
38,72,57,0.228,0.431,0.341,1
38,72,58,0.226,0.429,0.345,1
36,70,56,0.222,0.432,0.346,1
35,70,56,0.217,0.435,0.348,1
35,71,56,0.216,0.438,0.346,1
35,70,55,0.219,0.437,0.344,1
34,69,53,0.218,0.442,0.340,1
30,60,44,0.224,0.448,0.328,1
20,40,28,0.227,0.455,0.318,1
7,15,10,0.219,0.469,0.312,1
5,9,6,0.250,0.450,0.300,1
6,11,8,0.240,0.440,0.320,1
10,20,14,0.227,0.455,0.318,1
13,25,18,0.232,0.446,0.321,1
16,32,23,0.225,0.451,0.324,1
19,37,27,0.229,0.446,0.325,1
16,34,24,0.216,0.459,0.324,1
14,29,21,0.219,0.453,0.328,1
12,27,19,0.207,0.466,0.328,1
14,30,21,0.215,0.462,0.323,1
15,32,23,0.214,0.457,0.329,1
12,27,19,0.207,0.466,0.328,1
12,25,18,0.218,0.455,0.327,1
9,19,14,0.214,0.452,0.333,1
7,14,10,0.226,0.452,0.323,1
6,11,8,0.240,0.440,0.320,1
8,15,11,0.235,0.441,0.324,1
10,20,14,0.227,0.455,0.318,1
11,22,15,0.229,0.458,0.312,1
10,20,15,0.222,0.444,0.333,1
9,18,14,0.220,0.439,0.341,1
9,17,13,0.231,0.436,0.333,1
7,13,10,0.233,0.433,0.333,1
5,9,7,0.238,0.429,0.333,1
5,8,7,0.250,0.400,0.350,1
5,9,7,0.238,0.429,0.333,1
5,9,7,0.238,0.429,0.333,1
5,9,7,0.238,0.429,0.333,1
5,9,7,0.238,0.429,0.333,1
5,10,7,0.227,0.455,0.318,1
5,10,8,0.217,0.435,0.348,1
6,11,9,0.231,0.423,0.346,1
6,13,10,0.207,0.448,0.345,1
7,13,11,0.226,0.419,0.355,1
7,14,11,0.219,0.437,0.344,1
7,14,11,0.219,0.437,0.344,1
7,14,11,0.219,0.437,0.344,1
7,14,11,0.219,0.437,0.344,1
7,13,11,0.226,0.419,0.355,1
7,13,11,0.226,0.419,0.355,1
6,12,10,0.214,0.429,0.357,1
6,11,9,0.231,0.423,0.346,1
6,10,8,0.250,0.417,0.333,1
5,9,7,0.238,0.429,0.333,1
5,9,7,0.238,0.429,0.333,1
5,8,6,0.263,0.421,0.316,1
4,7,6,0.235,0.412,0.353,1
4,6,5,0.267,0.400,0.333,1
4,6,5,0.267,0.400,0.333,1
4,6,5,0.267,0.400,0.333,1
4,7,5,0.250,0.437,0.312,1
4,7,6,0.235,0.412,0.353,1
4,7,6,0.235,0.412,0.353,1
5,8,6,0.263,0.421,0.316,1
5,8,6,0.263,0.421,0.316,1
5,7,6,0.278,0.389,0.333,1
4,7,5,0.250,0.437,0.312,1
4,6,4,0.286,0.429,0.286,1
4,6,4,0.286,0.429,0.286,1
6,11,6,0.261,0.478,0.261,1
8,15,9,0.250,0.469,0.281,1
11,20,13,0.250,0.455,0.295,1
12,24,15,0.235,0.471,0.294,1
13,27,17,0.228,0.474,0.298,1
14,30,20,0.219,0.469,0.312,1
14,32,22,0.206,0.471,0.324,1
15,33,23,0.211,0.465,0.324,1
15,35,25,0.200,0.467,0.333,1
16,35,25,0.211,0.461,0.329,1
16,35,25,0.211,0.461,0.329,1
16,36,25,0.208,0.468,0.325,1
16,35,25,0.211,0.461,0.329,1
17,37,26,0.213,0.463,0.325,1
19,39,28,0.221,0.453,0.326,1
20,42,29,0.220,0.462,0.319,1
22,44,31,0.227,0.454,0.320,1
24,47,33,0.231,0.452,0.317,1
25,49,35,0.229,0.450,0.321,1
27,52,37,0.233,0.448,0.319,1
28,54,38,0.233,0.450,0.317,1
28,54,38,0.233,0.450,0.317,1
28,55,38,0.231,0.455,0.314,1
28,54,37,0.235,0.454,0.311,1
29,55,37,0.240,0.455,0.306,1
30,57,39,0.238,0.452,0.310,1
33,62,43,0.239,0.449,0.312,1
38,70,48,0.244,0.449,0.308,1
42,76,54,0.244,0.442,0.314,1
43,77,55,0.246,0.440,0.314,1
44,77,55,0.250,0.437,0.312,1
43,76,55,0.247,0.437,0.316,1
42,76,54,0.244,0.442,0.314,1
41,74,52,0.246,0.443,0.311,1
38,70,49,0.242,0.446,0.312,1
34,64,44,0.239,0.451,0.310,1
30,59,39,0.234,0.461,0.305,1
27,53,36,0.233,0.457,0.310,1
26,50,34,0.236,0.455,0.309,1
23,45,31,0.232,0.455,0.313,1
19,38,26,0.229,0.458,0.313,1
16,33,23,0.222,0.458,0.319,1
15,31,22,0.221,0.456,0.324,1
15,29,21,0.231,0.446,0.323,1
14,27,20,0.230,0.443,0.328,1
13,26,18,0.228,0.456,0.316,1
12,23,17,0.231,0.442,0.327,1
11,20,14,0.244,0.444,0.311,1
9,16,12,0.243,0.432,0.324,1
8,14,11,0.242,0.424,0.333,1
8,12,10,0.267,0.400,0.333,1
8,12,10,0.267,0.400,0.333,1
8,12,11,0.258,0.387,0.355,1
8,12,11,0.258,0.387,0.355,1
8,11,11,0.267,0.367,0.367,1
8,11,10,0.276,0.379,0.345,1
8,11,11,0.267,0.367,0.367,1
8,11,11,0.267,0.367,0.367,1
8,11,10,0.276,0.379,0.345,1
7,11,10,0.250,0.393,0.357,1
7,10,9,0.269,0.385,0.346,1
7,10,9,0.269,0.385,0.346,1
7,10,9,0.269,0.385,0.346,1
7,10,9,0.269,0.385,0.346,1
7,11,10,0.250,0.393,0.357,1
8,12,12,0.250,0.375,0.375,1
9,14,14,0.243,0.378,0.378,1
10,16,16,0.238,0.381,0.381,1
11,17,18,0.239,0.370,0.391,1
11,18,19,0.229,0.375,0.396,1
11,18,19,0.229,0.375,0.396,1
11,17,18,0.239,0.370,0.391,1
10,16,17,0.233,0.372,0.395,1
10,15,16,0.244,0.366,0.390,1
9,14,15,0.237,0.368,0.395,1
9,14,14,0.243,0.378,0.378,1
8,13,14,0.229,0.371,0.400,1
8,13,13,0.235,0.382,0.382,1
8,12,12,0.250,0.375,0.375,1
8,11,12,0.258,0.355,0.387,1
8,11,12,0.258,0.355,0.387,1
7,11,11,0.241,0.379,0.379,1
7,10,10,0.259,0.370,0.370,1
6,9,9,0.250,0.375,0.375,1
5,8,7,0.250,0.400,0.350,1
5,7,6,0.278,0.389,0.333,1
4,6,6,0.250,0.375,0.375,1
5,6,6,0.294,0.353,0.353,1
5,7,6,0.278,0.389,0.333,1
5,6,6,0.294,0.353,0.353,1
5,6,5,0.312,0.375,0.312,1
4,6,5,0.267,0.400,0.333,1
4,6,5,0.267,0.400,0.333,1
5,7,5,0.294,0.412,0.294,1
5,8,6,0.263,0.421,0.316,1
6,9,7,0.273,0.409,0.318,1
6,10,8,0.250,0.417,0.333,1
6,10,8,0.250,0.417,0.333,1
6,10,8,0.250,0.417,0.333,1
6,9,8,0.261,0.391,0.348,1
6,8,7,0.286,0.381,0.333,1
6,8,8,0.273,0.364,0.364,1
6,9,8,0.261,0.391,0.348,1
6,9,9,0.250,0.375,0.375,1
7,10,10,0.259,0.370,0.370,1
7,11,10,0.250,0.393,0.357,1
8,11,11,0.267,0.367,0.367,1
8,13,13,0.235,0.382,0.382,1
9,14,14,0.243,0.378,0.378,1
10,15,16,0.244,0.366,0.390,1
10,16,17,0.233,0.372,0.395,1
10,17,18,0.222,0.378,0.400,1
11,18,19,0.229,0.375,0.396,1
11,18,20,0.224,0.367,0.408,1
11,19,20,0.220,0.380,0.400,1
11,20,21,0.212,0.385,0.404,1
12,20,22,0.222,0.370,0.407,1
12,21,22,0.218,0.382,0.400,1
12,21,22,0.218,0.382,0.400,1
12,21,23,0.214,0.375,0.411,1
12,21,23,0.214,0.375,0.411,1
12,21,22,0.218,0.382,0.400,1
12,21,22,0.218,0.382,0.400,1
12,22,22,0.214,0.393,0.393,1
13,22,23,0.224,0.379,0.397,1
13,22,22,0.228,0.386,0.386,1
13,22,22,0.228,0.386,0.386,1
13,22,22,0.228,0.386,0.386,1
13,22,22,0.228,0.386,0.386,1
13,22,22,0.228,0.386,0.386,1
14,22,23,0.237,0.373,0.390,1
14,23,24,0.230,0.377,0.393,1
15,23,24,0.242,0.371,0.387,1
15,23,24,0.242,0.371,0.387,1
15,23,24,0.242,0.371,0.387,1
14,22,23,0.237,0.373,0.390,1
13,21,22,0.232,0.375,0.393,1
12,20,20,0.231,0.385,0.385,1
11,18,18,0.234,0.383,0.383,1
11,17,17,0.244,0.378,0.378,1
10,16,16,0.238,0.381,0.381,1
9,15,15,0.231,0.385,0.385,1
9,14,14,0.243,0.378,0.378,1
9,14,13,0.250,0.389,0.361,1
9,14,13,0.250,0.389,0.361,1
9,14,13,0.250,0.389,0.361,1
9,13,13,0.257,0.371,0.371,1
8,12,12,0.250,0.375,0.375,1
7,12,11,0.233,0.400,0.367,1
7,11,10,0.250,0.393,0.357,1
7,11,10,0.250,0.393,0.357,1
7,10,9,0.269,0.385,0.346,1
6,10,9,0.240,0.400,0.360,1
6,10,8,0.250,0.417,0.333,1
6,9,8,0.261,0.391,0.348,1
6,9,8,0.261,0.391,0.348,1
6,9,8,0.261,0.391,0.348,1
6,9,8,0.261,0.391,0.348,1
6,9,8,0.261,0.391,0.348,1
6,8,8,0.273,0.364,0.364,1
6,8,7,0.286,0.381,0.333,1
6,8,7,0.286,0.381,0.333,1
5,8,7,0.250,0.400,0.350,1
5,7,7,0.263,0.368,0.368,1
5,7,6,0.278,0.389,0.333,1
5,7,7,0.263,0.368,0.368,1
5,7,6,0.278,0.389,0.333,1
5,7,7,0.263,0.368,0.368,1
5,7,7,0.263,0.368,0.368,1
6,8,7,0.286,0.381,0.333,1
6,8,8,0.273,0.364,0.364,1
6,9,8,0.261,0.391,0.348,1
6,9,9,0.250,0.375,0.375,1
6,9,9,0.250,0.375,0.375,1
6,9,9,0.250,0.375,0.375,1
6,9,9,0.250,0.375,0.375,1
7,10,10,0.259,0.370,0.370,1
7,10,10,0.259,0.370,0.370,1
7,11,11,0.241,0.379,0.379,1
7,11,12,0.233,0.367,0.400,1
7,11,11,0.241,0.379,0.379,1
8,12,12,0.250,0.375,0.375,1
8,12,12,0.250,0.375,0.375,1
8,12,13,0.242,0.364,0.394,1
8,12,13,0.242,0.364,0.394,1
8,12,13,0.242,0.364,0.394,1
8,12,13,0.242,0.364,0.394,1
8,12,13,0.242,0.364,0.394,1
9,13,14,0.250,0.361,0.389,1
10,14,15,0.256,0.359,0.385,1
10,15,16,0.244,0.366,0.390,1
11,16,18,0.244,0.356,0.400,1
12,19,21,0.231,0.365,0.404,1
14,22,24,0.233,0.367,0.400,1
16,26,29,0.225,0.366,0.408,1
18,31,34,0.217,0.373,0.410,1
22,36,38,0.229,0.375,0.396,1
25,37,40,0.245,0.363,0.392,1
27,37,40,0.260,0.356,0.385,1
30,35,38,0.291,0.340,0.369,1
32,31,34,0.330,0.320,0.351,1
35,33,37,0.333,0.314,0.352,1
40,38,44,0.328,0.311,0.361,1
42,45,51,0.304,0.326,0.370,1
42,55,61,0.266,0.348,0.386,1
42,66,71,0.235,0.369,0.397,1
44,74,81,0.221,0.372,0.407,1
45,79,86,0.214,0.376,0.410,1
46,81,88,0.214,0.377,0.409,1
44,78,84,0.214,0.379,0.408,1
40,73,78,0.209,0.382,0.408,1
35,61,67,0.215,0.374,0.411,1
33,55,59,0.224,0.374,0.401,1
35,50,54,0.252,0.360,0.388,1
37,48,52,0.270,0.350,0.380,1
35,49,53,0.255,0.358,0.387,1
34,52,56,0.239,0.366,0.394,1
34,55,59,0.230,0.372,0.399,1
34,56,59,0.228,0.376,0.396,1
33,56,60,0.221,0.376,0.403,1
32,54,59,0.221,0.372,0.407,1
28,49,54,0.214,0.374,0.412,1
22,40,44,0.208,0.377,0.415,1
17,33,36,0.198,0.384,0.419,1
14,27,30,0.197,0.380,0.423,1
13,25,28,0.197,0.379,0.424,1
12,24,26,0.194,0.387,0.419,1
11,21,23,0.200,0.382,0.418,1
10,22,23,0.182,0.400,0.418,1
9,20,21,0.180,0.400,0.420,1
9,17,18,0.205,0.386,0.409,1
9,17,17,0.209,0.395,0.395,1
9,17,17,0.209,0.395,0.395,1
9,21,20,0.180,0.420,0.400,1
10,23,21,0.185,0.426,0.389,1
10,21,19,0.200,0.420,0.380,1
10,19,17,0.217,0.413,0.370,1
9,16,15,0.225,0.400,0.375,1
9,15,15,0.231,0.385,0.385,1
9,16,16,0.220,0.390,0.390,1
10,17,18,0.222,0.378,0.400,1
11,19,20,0.220,0.380,0.400,1
11,19,20,0.220,0.380,0.400,1
11,19,21,0.216,0.373,0.412,1
12,20,21,0.226,0.377,0.396,1
12,21,22,0.218,0.382,0.400,1
13,23,24,0.217,0.383,0.400,1
14,26,28,0.206,0.382,0.412,1
16,30,32,0.205,0.385,0.410,1
19,34,37,0.211,0.378,0.411,1
22,41,45,0.204,0.380,0.417,1
26,48,53,0.205,0.378,0.417,1
30,53,60,0.210,0.371,0.420,1
32,58,64,0.208,0.377,0.416,1
35,60,69,0.213,0.366,0.421,1
37,65,74,0.210,0.369,0.420,1
40,71,81,0.208,0.370,0.422,1
44,77,88,0.211,0.368,0.421,1
49,86,98,0.210,0.369,0.421,1
53,95,106,0.209,0.374,0.417,1
55,98,108,0.211,0.375,0.414,1
56,99,108,0.213,0.376,0.411,1
57,101,109,0.213,0.378,0.408,1
56,100,107,0.213,0.380,0.407,1
54,97,102,0.213,0.383,0.403,1
53,97,101,0.211,0.386,0.402,1
53,99,104,0.207,0.387,0.406,1
59,111,117,0.206,0.387,0.408,1
67,126,134,0.205,0.385,0.410,1
71,131,141,0.207,0.382,0.411,1
72,128,139,0.212,0.378,0.410,1
70,124,133,0.214,0.379,0.407,1
67,116,125,0.218,0.377,0.406,1
62,107,115,0.218,0.377,0.405,1
58,98,104,0.223,0.377,0.400,1
52,87,92,0.225,0.377,0.398,1
46,77,82,0.224,0.376,0.400,1
40,67,71,0.225,0.376,0.399,1
33,56,59,0.223,0.378,0.399,1
27,46,47,0.225,0.383,0.392,1
21,37,37,0.221,0.389,0.389,1
17,30,30,0.221,0.390,0.390,1
15,27,24,0.227,0.409,0.364,1
14,25,21,0.233,0.417,0.350,1
13,25,20,0.224,0.431,0.345,1
13,26,19,0.224,0.448,0.328,1
14,28,20,0.226,0.452,0.323,1
16,32,23,0.225,0.451,0.324,1
16,34,24,0.216,0.459,0.324,1
18,36,26,0.225,0.450,0.325,1
19,38,27,0.226,0.452,0.321,1
20,40,28,0.227,0.455,0.318,1
20,42,29,0.220,0.462,0.319,1
21,42,29,0.228,0.457,0.315,1
22,43,30,0.232,0.453,0.316,1
22,42,30,0.234,0.447,0.319,1
21,41,29,0.231,0.451,0.319,1
21,40,28,0.236,0.449,0.315,1
21,39,28,0.239,0.443,0.318,1
20,37,27,0.238,0.440,0.321,1
19,35,25,0.241,0.443,0.316,1
16,31,22,0.232,0.449,0.319,1
14,26,18,0.241,0.448,0.310,1
12,22,15,0.245,0.449,0.306,1
9,17,12,0.237,0.447,0.316,1
8,15,10,0.242,0.455,0.303,1
7,13,9,0.241,0.448,0.310,1
6,11,8,0.240,0.440,0.320,1
6,10,7,0.261,0.435,0.304,1
5,7,5,0.294,0.412,0.294,1
3,5,3,0.273,0.455,0.273,1
5,7,5,0.294,0.412,0.294,1
7,11,8,0.269,0.423,0.308,1
11,18,12,0.268,0.439,0.293,1
22,37,27,0.256,0.430,0.314,1
31,52,38,0.256,0.430,0.314,1
33,56,42,0.252,0.427,0.321,1
32,54,41,0.252,0.425,0.323,1
31,51,39,0.256,0.421,0.322,1
29,47,36,0.259,0.420,0.321,1
26,42,33,0.257,0.416,0.327,1
24,40,32,0.250,0.417,0.333,1